name,group,element,units,context,S331470,S331471,S331472,S331473,S331474,S331475,S331476,S331477,S331478,S331479,S331480,S331481,S331482,S331483,S331484,S331485,S331486,S331487,S331488,S331489,S331490,S331491,S331492,S331493,S331494,S331495,S331496,S331497,S331498,S331499,S331500,S331501,S331502,S331503,S331504,S331505,S331506,S331507,S331508,S331509,S331510,S331511,S331512,S331513,S331514,S331515,S331516,S331517,S331518,S331519,S331520,S331521,S331522,S331523,S331524,S331525,S331526,S331527,S331528,S331529,S331530,S331531,S331532,S331533,S331534,S331535,S331536,S331537,S331538,S331539,S331540,S331541,S331542,S331543,S331544,S331545,S331546,S331547,S331548,S331549,S331550,S331551,S331552,S331553,S331554,S331555,S331556,S331557,S331558,S331559,S331560,S331561,S331562,S331563,S331564,S331565,S331566,S331567,S331568,S331569,S331570,S331571,S331572,S331573,S331574,S331575,S331576,S331577,S331578,S331579,S331580,S331581,S331582,S331583,S331584,S331585,S331586,S331587,S331588,S331589,S331590,S331591,S331592,S331593,S331594,S331595,S331596,S331597,S331598,S331599,S331600,S331601,S331602,S331603,S331604,S331605,S331606,S331607,S331608,S331609,S331610,S331611,S331612,S331613,S331614,S331615,S331616,S331617,S331618,S331619,S331620,S331621,S331622,S331623,S331624,S331625,S331626,S331627,S331628,S331629,S331630,S331631,S331632,S331633,S331634,S331635,S331636,S331637,S331638,S331639,S331640,S331641,S331642,S331643,S331644,S331645,S331646,S331647,S331648,S331649,S331650,S331651,S331652,S331653,S331654,S331655,S331656,S331657,S331658,S331659,S331660,S331661,S331662,S331663,S331664,S331665,S331666,S331667,S331668,S331669,S331670,S331671
AnalysisUnitName,,,,,,,,,,,,,,,,,,,,,,,,,,,,,,,,,,,,,,,,,,,,,,,,,,,,,,,,,,,,,,,,,,,,,,,,,,,,,,,,,,,,,,,,,,,,,,,,,,,,,,,,,,,,,,,,,,,,,,,,,,,,,,,,,,,,,,,,,,,,,,,,,,,,,,,,,,,,,,,,,,,,,,,,,,,,,,,,,,,,,,,,,,,,,,,,,,,,,,,,,,,,,,
Depth,,,,,2,4,6,8,10,12,14,16,18,20,22,24,26,28,30,32,34,36,38,40,42,44,46,48,50,52,54,56,58,60,62,64,66,68,70,72,74,76,78,80,82,84,86,88,90,92,94,96,98,100,102,104,106,108,110,112,114,116,118,120,122,124,126,128,130,132,134,136,138,140,142,144,146,148,150,152,154,156,158,160,162,164,166,168,170,172,174,176,178,180,182,184,186,188,190,192,194,196,198,200,202,204,206,208,210,212,214,216,218,220,222,224,226,228,230,232,234,236,238,240,242,244,246,248,250,252,254,256,258,260,262,264,266,268,270,272,274,276,278,280,282,284,286,288,290,292,294,296,298,300,302,304,306,308,310,312,314,316,318,320,322,324,326,328,330,332,334,336,338,340,342,344,346,348,350,352,354,356,358,360,362,364,366,368,370,372,374,376,378,380,382,384,386,388,390,392,394,396,398,400,402,404
Thickness,,,,,,,,,,,,,,,,,,,,,,,,,,,,,,,,,,,,,,,,,,,,,,,,,,,,,,,,,,,,,,,,,,,,,,,,,,,,,,,,,,,,,,,,,,,,,,,,,,,,,,,,,,,,,,,,,,,,,,,,,,,,,,,,,,,,,,,,,,,,,,,,,,,,,,,,,,,,,,,,,,,,,,,,,,,,,,,,,,,,,,,,,,,,,,,,,,,,,,,,,,,,,,
Sample Name,,,,,,,,,,,,,,,,,,,,,,,,,,,,,,,,,,,,,,,,,,,,,,,,,,,,,,,,,,,,,,,,,,,,,,,,,,,,,,,,,,,,,,,,,,,,,,,,,,,,,,,,,,,,,,,,,,,,,,,,,,,,,,,,,,,,,,,,,,,,,,,,,,,,,,,,,,,,,,,,,,,,,,,,,,,,,,,,,,,,,,,,,,,,,,,,,,,,,,,,,,,,,,
Sample ID,,,,,331470,331471,331472,331473,331474,331475,331476,331477,331478,331479,331480,331481,331482,331483,331484,331485,331486,331487,331488,331489,331490,331491,331492,331493,331494,331495,331496,331497,331498,331499,331500,331501,331502,331503,331504,331505,331506,331507,331508,331509,331510,331511,331512,331513,331514,331515,331516,331517,331518,331519,331520,331521,331522,331523,331524,331525,331526,331527,331528,331529,331530,331531,331532,331533,331534,331535,331536,331537,331538,331539,331540,331541,331542,331543,331544,331545,331546,331547,331548,331549,331550,331551,331552,331553,331554,331555,331556,331557,331558,331559,331560,331561,331562,331563,331564,331565,331566,331567,331568,331569,331570,331571,331572,331573,331574,331575,331576,331577,331578,331579,331580,331581,331582,331583,331584,331585,331586,331587,331588,331589,331590,331591,331592,331593,331594,331595,331596,331597,331598,331599,331600,331601,331602,331603,331604,331605,331606,331607,331608,331609,331610,331611,331612,331613,331614,331615,331616,331617,331618,331619,331620,331621,331622,331623,331624,331625,331626,331627,331628,331629,331630,331631,331632,331633,331634,331635,331636,331637,331638,331639,331640,331641,331642,331643,331644,331645,331646,331647,331648,331649,331650,331651,331652,331653,331654,331655,331656,331657,331658,331659,331660,331661,331662,331663,331664,331665,331666,331667,331668,331669,331670,331671
C14 BP,Radiocarbon years BP,,,,--/12/--,--/24/--,--/36/--,--/48/--,--/60/--,--/72/--,--/84/--,--/96/--,--/108/--,--/120/--,--/132/--,--/145/--,--/157/--,--/169/--,--/181/--,--/193/--,--/205/--,--/217/--,--/229/--,--/241/--,--/253/--,--/265/--,--/277/--,--/553/--,--/829/--,--/1106/--,--/1382/--,--/1658/--,--/1934/--,--/2210/--,--/2486/--,--/2763/--,--/3039/--,--/3315/--,--/3591/--,--/3867/--,--/4143/--,--/4420/--,--/4696/--,--/4972/--,--/5006/--,--/5041/--,--/5075/--,--/5109/--,--/5143/--,--/5178/--,--/5212/--,--/5246/--,--/5280/--,--/5315/--,--/5349/--,--/5383/--,--/5417/--,--/5452/--,--/5486/--,--/5520/--,--/5555/--,--/5589/--,--/5623/--,--/5657/--,--/5692/--,--/5726/--,--/5760/--,--/5794/--,--/5829/--,--/5863/--,--/5897/--,--/5931/--,--/5966/--,--/6000/--,--/6029/--,--/6058/--,--/6088/--,--/6117/--,--/6146/--,--/6176/--,--/6205/--,--/6234/--,--/6263/--,--/6292/--,--/6322/--,--/6351/--,--/6380/--,--/6410/--,--/6439/--,--/6468/--,--/6497/--,--/6526/--,--/6556/--,--/6585/--,--/6614/--,--/6644/--,--/6673/--,--/6703/--,--/6732/--,--/6762/--,--/6791/--,--/6820/--,--/6850/--,--/6879/--,--/6909/--,--/6938/--,--/6967/--,--/6997/--,--/7026/--,--/7056/--,--/7085/--,--/7115/--,--/7144/--,--/7173/--,--/7203/--,--/7232/--,--/7262/--,--/7291/--,--/7321/--,--/7350/--,--/7379/--,--/7409/--,--/7438/--,--/7468/--,--/7497/--,--/7527/--,--/7556/--,--/7585/--,--/7615/--,--/7644/--,--/7674/--,--/7703/--,--/7732/--,--/7762/--,--/7791/--,--/7821/--,--/7850/--,--/7880/--,--/7909/--,--/7936/--,--/7963/--,--/7991/--,--/8018/--,--/8045/--,--/8072/--,--/8099/--,--/8127/--,--/8154/--,--/8181/--,--/8208/--,--/8235/--,--/8263/--,--/8290/--,--/8317/--,--/8344/--,--/8372/--,--/8399/--,--/8426/--,--/8453/--,--/8480/--,--/8508/--,--/8535/--,--/8562/--,--/8589/--,--/8616/--,--/8644/--,--/8671/--,--/8698/--,--/8712/--,--/8726/--,--/8740/--,--/8754/--,--/8768/--,--/8782/--,--/8796/--,--/8810/--,--/8824/--,--/8839/--,--/8853/--,--/8867/--,--/8881/--,--/8895/--,--/8909/--,--/8923/--,--/8937/--,--/8951/--,--/8965/--,--/8979/--,--/8993/--,--/9007/--,--/9021/--,--/9035/--,--/9049/--,--/9063/--,--/9078/--,--/9092/--,--/9106/--,--/9120/--,--/9134/--,--/9148/--,--/9162/--,--/9176/--,--/9190/--,--/9204/--,--/9218/--,--/9232/--
CAL BP,Calibrated radiocarbon years BP,,,,--/-32/--,--/-14/--,--/3/--,--/21/--,--/38/--,--/56/--,--/74/--,--/91/--,--/109/--,--/126/--,--/144/--,--/162/--,--/179/--,--/197/--,--/214/--,--/232/--,--/249/--,--/267/--,--/285/--,--/302/--,--/320/--,--/337/--,--/355/--,--/373/--,--/390/--,--/408/--,--/425/--,--/443/--,--/460/--,--/478/--,--/496/--,--/513/--,--/531/--,--/548/--,--/566/--,--/583/--,--/601/--,--/619/--,--/636/--,--/5696/--,--/5734/--,--/5772/--,--/5810/--,--/5848/--,--/5886/--,--/5925/--,--/5963/--,--/6001/--,--/6039/--,--/6077/--,--/6116/--,--/6154/--,--/6192/--,--/6230/--,--/6268/--,--/6307/--,--/6345/--,--/6383/--,--/6421/--,--/6459/--,--/6497/--,--/6536/--,--/6574/--,--/6612/--,--/6650/--,--/6688/--,--/6727/--,--/6765/--,--/6803/--,--/6841/--,--/6873/--,--/6906/--,--/6938/--,--/6970/--,--/7003/--,--/7035/--,--/7067/--,--/7100/--,--/7132/--,--/7164/--,--/7196/--,--/7229/--,--/7261/--,--/7293/--,--/7326/--,--/7358/--,--/7390/--,--/7422/--,--/7455/--,--/7487/--,--/7515/--,--/7544/--,--/7572/--,--/7600/--,--/7629/--,--/7657/--,--/7685/--,--/7714/--,--/7742/--,--/7770/--,--/7798/--,--/7827/--,--/7855/--,--/7883/--,--/7912/--,--/7940/--,--/7968/--,--/7997/--,--/8025/--,--/8053/--,--/8082/--,--/8110/--,--/8138/--,--/8167/--,--/8195/--,--/8223/--,--/8251/--,--/8280/--,--/8308/--,--/8336/--,--/8365/--,--/8393/--,--/8421/--,--/8450/--,--/8478/--,--/8506/--,--/8535/--,--/8563/--,--/8591/--,--/8619/--,--/8648/--,--/8676/--,--/8704/--,--/8733/--,--/8761/--,--/8792/--,--/8824/--,--/8855/--,--/8886/--,--/8918/--,--/8949/--,--/8980/--,--/9012/--,--/9043/--,--/9074/--,--/9106/--,--/9137/--,--/9168/--,--/9200/--,--/9231/--,--/9262/--,--/9294/--,--/9325/--,--/9356/--,--/9388/--,--/9419/--,--/9450/--,--/9482/--,--/9513/--,--/9545/--,--/9576/--,--/9607/--,--/9639/--,--/9670/--,--/9690/--,--/9709/--,--/9729/--,--/9748/--,--/9768/--,--/9788/--,--/9807/--,--/9827/--,--/9847/--,--/9866/--,--/9886/--,--/9906/--,--/9925/--,--/9945/--,--/9965/--,--/9984/--,--/10004/--,--/10023/--,--/10043/--,--/10063/--,--/10082/--,--/10102/--,--/10122/--,--/10141/--,--/10161/--,--/10181/--,--/10200/--,--/10220/--,--/10240/--,--/10259/--,--/10279/--,--/10298/--,--/10318/--,--/10338/--,--/10357/--,--/10377/--,--/10397/--,--/10416/--
Abies,TRSH,pollen,NISP,,1,,1,,,1,,,1,1,2,,,,,,,,,,,,,,,,,,,,,,,,,,,,,,,,,,,,,,,,,,,,,,,,,,,,,,,,,,,,,,,,,,,,,,,,,,,,,,,,,,,,,,,,,,,,,,,,,,,,,,,,,,,,,,,,,,,,,,,,,,,,,,,,,,,,,,,,,,,,,,,,,,,,,,,,,,,,,,,,,,,,,,,,,,,,,,,,,,,,,,,,,,,,,,,
Acer campestre,TRSH,pollen,NISP,,2,,,,1,,,,,,,,,,,,,,,,,,,,,,,,,,,,,,,,,,,,,,,,,,,,,,,,,,,,,,,,,,,,,,,,,,,,,,,,,,,,,,,,,,,,,,,,,,,,,,,,,,,,,,,,,,,,,,,,,,,,,,,,,,,,,,,,,,,,,,,,,,,,,,,,,,,,,,,,,,,,,,,,,,,,,,,,,,,,,,,,,,,,,,,,,,,,,,,,,,,,,
Achillea-type,UPHE,pollen,NISP,,,,,,,,1,,2,,2,1,,,,,,,,1,,,,,,,,,,,,,,,,,,,,1,,,,,,1,,,,,,,,,1,,,,,,,,,,,,,,,,,,,,,,,,,,,,,,,,,,,,,,,,,,,,,,,,,,,,,,,,,,,1,,,,,,,,,,,,,,,,,,,,,,,,,,,,,,,,,,,,,,,,,,,,,,,,,,,,,,,,,,,,,,,,,,,,,,,,,,,,,,,,,,,,,,,,
Alnus glutinosa,TRSH,pollen,NISP,,15,14,12,11,8,10,8,7,7,20,52,67,71,70,67,61,55,66,69,46,44,53,55,44,48,52,43,56,59,52,44,65,68,57,92,57,60,82,63,91,81,105,104,80,82,101,101,100,86,86,80,83,115,54,69,90,109,75,95,89,112,70,98,69,78,57,61,74,83,76,83,91,100,94,69,84,90,67,48,55,67,73,75,79,53,60,78,52,80,63,61,52,82,76,61,81,78,71,57,81,78,76,63,82,39,64,79,84,85,86,63,62,77,64,14,15,37,14,5,5,17,6,9,9,15,11,9,8,4,5,5,3,4,1,2,4,,1,2,,,1,2,,,2,,1,1,1,,,1,,,,,,2,,,,1,,,,,,1,,,1,3,,1,,,,2,3,,,,2,,,1,,1,,1,1,3,2,1,1,1,,1,1,,
Amaranthaceae,UPHE,pollen,NISP,,,1,1,2,,1,3,1,2,2,1,,1,2,,1,,1,,,,,,,,,,,,,,,1,,1,,,1,1,,,1,,1,1,,,,,1,1,,,,,,,,,1,,,1,,,,,2,,1,,1,,,1,,,1,,,,,,1,,,1,,,1,,,,,,,,,1,2,,,,2,1,,2,,,,,,,1,,1,,,1,,2,1,1,1,,,2,,,,,,,,1,,2,,,,1,1,,1,1,,,1,,1,1,,,,,,,1,1,1,,,1,1,,1,,,1,1,1,,,,2,,,,,2,1,,1,,,,,,,,1,1,,1,1,,,,,,,
Apiaceae undiff.,UPHE,pollen,NISP,,1,1,,2,,2,,1,5,,,1,,,,1,,,,,,,,,,,,,,,,,,,,,,,,,,,,,3,,,,1,,1,,1,,,,,,,,,,,2,,,1,,,,,,,,,,,1,,,,,,,,,,,1,,,,,,,,,1,1,,,,,,1,,,,,,,,1,,1,,,,,,,,,1,,,,,1,,,,,,,,,,,,,,,1,,,,1,,,,1,,,,,,,,1,,,,,,,,,,,,,,,,,,,,,,,,,,1,,,,2,,,,,,,,,,,,
Artemisia-type,UPHE,pollen,NISP,,,,2,,,,1,,1,2,2,1,,,1,,,1,,,1,,,,1,,,,,,,,,,,1,,,,,1,1,1,1,1,,,1,,3,1,,1,,1,,,,1,1,1,,2,1,1,,1,,,1,2,1,1,,1,1,1,1,1,,,1,,1,,,1,,1,,,,1,,1,,1,1,1,,,2,,1,,,,,,,,,3,1,,,,,,1,,2,,1,1,,,,,2,,2,1,,2,1,,2,1,,,1,1,1,,,,1,,,,,,,,,,,,,1,,,1,1,,1,1,,1,,,,,,,,,,,,,2,,,,,,,,,,,,,,,,,,,
Betula,TRSH,pollen,NISP,,49,28,34,39,43,27,34,32,21,13,17,18,21,16,13,26,13,19,16,17,14,12,12,18,19,16,22,16,18,14,22,21,22,19,22,12,20,11,15,40,19,12,12,10,20,16,14,12,18,7,9,18,37,27,40,32,37,29,16,14,12,10,17,12,16,8,18,23,15,18,10,19,21,14,17,27,20,8,11,15,31,16,12,29,24,23,22,16,26,17,18,8,40,28,34,21,32,22,21,20,33,27,23,28,21,18,28,35,38,40,48,36,22,25,16,31,32,50,24,29,36,23,27,31,34,37,31,36,35,46,31,23,30,39,39,34,25,32,28,15,21,21,18,25,17,27,12,26,19,13,20,17,18,19,12,18,16,17,24,28,24,20,21,19,13,8,13,16,15,17,23,12,15,5,8,11,16,8,9,8,8,8,8,8,8,6,14,4,9,5,11,10,8,4,4,6,13,3,19,10,5,11
Botrychium lunaria,VACR,spore,NISP,,2,,,,,,,,,,,1,,,,1,,,,,,,,,,,,,,,,,,,,,,,,,,,,,,,,1,,2,,,,,,,,1,,,,,,,,,,,,,2,,,,,,,,,,,,,,,,,,,,,,,,,,,1,,,1,1,,,,,,,,,,,1,,,,,,1,,,,,,,1,,,,,,,,,,,,,,,,,,,,,,,,,,,,,,,,,,,,,,,,,,,,,,,,,,,,,,,,,,,,,,,,,,,,1,,,,,,,,
Brassicaceae,UPHE,pollen,NISP,,2,1,,,,,,2,,,,,,1,,,,,,1,,1,,,,,,,,,,,,,,,,1,,,,,,1,,,,,,,,,,,,,,,,1,,,1,,,,,,,,,,,,,,,,,,,,,,,,,1,,,,,,,,,1,1,,,,,,,,,1,,,,,,,1,,,,,,,,,,1,,1,1,,,,1,,,1,,,,,,,,,,,,,,,,1,,,,,,,,,,,1,,,,,,,,,,,,,,,,,,,,,,,,,,,,,,,,,,1,,,,,,,
Bryophyta,UPBR,spore,NISP,,7,9,5,4,,3,4,5,13,11,32,35,48,23,49,45,39,22,50,54,50,50,50,3,9,7,67,12,2,8,4,11,3,16,12,8,5,9,19,6,6,8,9,8,10,3,10,11,24,10,3,11,6,1,4,62,4,65,5,9,25,8,10,14,32,39,78,65,138,160,570,232,31,53,24,16,23,189,100,101,112,71,143,18,34,113,40,36,23,7,30,8,2,1,8,7,4,4,23,6,4,7,8,13,6,6,6,6,32,15,39,12,40,24,3,3,8,11,14,6,4,5,9,11,6,5,3,6,8,5,9,8,3,2,1,6,12,14,22,6,5,12,3,8,22,28,10,16,18,9,3,4,14,14,8,8,4,1,1,1,2,5,1,14,7,5,5,5,1,2,7,11,4,7,3,2,3,6,2,2,3,2,1,2,3,,1,1,4,11,5,1,5,5,7,7,14,,2,2,2,4
Calluna vulgaris,TRSH,pollen,NISP,,11,7,20,21,29,20,18,7,9,19,43,24,37,15,27,30,40,44,54,43,55,51,31,7,22,29,34,6,9,10,20,11,13,27,24,15,23,60,48,5,7,7,17,9,13,18,10,18,12,22,26,11,12,21,10,7,7,4,7,7,9,13,12,25,30,36,10,12,5,8,4,4,3,6,7,8,29,6,5,4,8,5,2,13,8,2,4,12,12,4,7,3,8,9,5,13,20,11,12,9,14,5,2,10,12,8,11,7,11,17,14,6,16,12,10,13,27,25,29,49,70,35,27,31,19,15,9,8,32,28,32,22,19,15,12,13,12,12,15,13,25,10,7,10,10,9,8,12,13,8,18,26,12,15,14,12,9,4,,7,,29,12,16,2,3,23,9,3,2,11,6,4,27,4,4,5,,,3,4,2,2,2,4,1,4,5,,5,5,5,2,2,11,2,3,6,2,2,2,1
Caltha palustris-type,AQVP,pollen,NISP,,,,,,,2,,,1,,,,,1,,,,,,,,,,,,2,,,,,,,,,1,,,,1,,,,1,,,,,,,,,,,,,,,,,,,,,,,,,,,,,1,,,,,,,,,,,,,,,,,,,,,,,,,,,,,,,,,,,,,,,,,1,,,,,,,,,4,,,,,,,,,1,,,,,,,,,,,,,,,,,,,,,,,,,,,,,,,,,,,,,,,,,,,,,,,,,1,1,4,4,1,,,,2,1,1,3,,1,,,,1,,1,,,
Campanula-type,UPHE,pollen,NISP,,,,,,,,,,,,,,,,,,,,,,,,,,,,,,1,1,,,,,,,,,,,,,,,1,,,,1,,,,1,,,,,,,,,,,2,,,,,,,,,,,,,,,,,,,,,,,,,,,,,,,,,,,,,,,,,,,,,,,,,,,,,,,,,,,,,,,,,,,1,,,,1,,,,,,,,,,,,,,,,,,,,,,,,,,,,,,,,,,,,,,,,,,,,,,,,,,,,,,,,,,,,,,,,,,,
Cannabis sativa,UPHE,pollen,NISP,,,,,,,,,,,,,,,,2,,,1,,,,1,,1,,,,,2,,,,,,,,,,,,,,,,,,,,,,,,1,2,1,1,,,,,,,,,,,,,,,,,,,,,,,,,,,,,,,,,,,,,,1,,,,,,,,,,,,1,,,,,,,,,,,,,,,,,,,,,,,,,,,,,,,,,,,,,,,,,,,,,,,,2,,3,,,,,,,,1,,1,,,,,,,,,,,,,,,,,,,,,,,,2,,,,,,,,,,,,
Carpinus betulus,TRSH,pollen,NISP,,4,,,,3,2,,,1,,,,,,,,1,,,,,,,,,,,,,,,,,,,,,,,,,,,,1,,,,1,,,1,,,,,,,,,,,,,,,,,,,,,,,,,,,,,,,,,,,,,,,,,,,,,,,,,,,,,,,,,,,,,,,,,,,,,,,,,,,,,,,,,,,,,,,,,,,,,,,,,,,,,,,,,,,,,,,,1,,,,,,,,,,,,,,,,,,,,,,,,,,,,,,,,,,,,,,
Caryophyllaceae undiff.,UPHE,pollen,NISP,,1,,,,1,,1,,1,,,,,,1,,,1,,,,,,,,,,,,,,,,,,,,,,,,,,,1,,,,,,,,,,,,,,,,,,,,,,,,,,,,,,,,,,,,,,,,,,,,,,,,,,,,,,,,,,,,,1,,,,,,,,,,,,,,,,,1,,,,,,,,,,,,,,,,,,,,,,,,,,,,,,,,,,,,,,,,,,,,,,,,,,,,,,,,,,,,,,,,,,,1,,,,,,,,,,,,
Centaurea cyanus,UPHE,pollen,NISP,,,,,,,,,,,,,,,,,,,,,,,,,,,,,,,,,,,,,,,,,,,,,,,,,1,,,,,,,,,,,,,,,,,,,,,,,,,,,,,,,,,,,,,,,,,,,,,,,,,,,,,,,,,,,,,,,,,,,,,,,,,,,,,,,,,,,,,,,,,,,,,,,,,,,,,,,,,,,,,,,,,,,,,,,,,,,,,,,,,,,,,,,,,,,,,,,,,,,,,,,,,,
Centaurea nigra,UPHE,pollen,NISP,,,,,,,,,,,,,,,,,,,,,,,,,,,,,,,,,,,,,,,,,,,,,,,,,,,,,,,,,,,,,,,,,2,,,,,,,,,,,,,,,,,,,,,,,,,,,,,,,,,,,,,,,,,,,,1,,,,,,,,,,,,,,,,,,,,,,,,,,1,,,,,,1,,,,,,,,,,,,,,,,,,,,,,,,,,,,,,,,,,,,,,,,,,,,,,,,,,,,,,,,,,,,,,
Chelidonium majus,UPHE,pollen,NISP,,1,,,,,,,2,,,,,,,,,,,,,,,,,,,,,,,,,,,,,,,,,,,,,,,,,,,,,,,,,,,,,,,,,,,,,,,,,,,,,,,,,,,,,,,,,,,,,,,,,,,,,,,,,,,,,,,,,,,,,,,,,,,,,,,,,,,,,,,,,,,,,,,,,,,,,,,,,,,,,,,,,,,,,,,,,,,,,,,,,,,,,,,,,,,,,,,,,,,,,,,,,,
Cichorioideae-type,UPHE,pollen,NISP,,,1,,,,1,,,2,,,1,1,,,,,,,,1,,,,,,,,,,,1,,,,,1,,,,,,,,,,,,,,,,,,,,,,,,1,,,,,,,,,,,,,,,,,,,,,,,,,,,,,,,,,,,,,,,,,1,,,,,,,,,,,,,,,,,,,,,,,,,,,,,,,,,,,,,,,,,,,,,,,,,,,,,,,,,,,,,,,,,,,,,,,,,,,,,,,,,,,,,,,,,,,,,,,,,,,,
Cirsium-type,UPHE,pollen,NISP,,,,,,,,,,,,,,,,,,,,,,,,,,1,,,,1,,,,,,,,,,,,,,,,,,,,1,1,,,,,,,,,,,,,,,,,1,,,,,,,,,,,,,,,,,,,,,,,,,,,,,,,,,,,,,,,,,,,,,,,,,,,,,,,,,,,,,,1,,,,,,,,,,,,,,,,,,,,,1,,,,,,,,,,,,,,,,,,,,,,,,,,,,,1,1,,,,,,,,,,,,,,,1,,,,,,,
Cornus sanguinea,TRSH,pollen,NISP,,,1,1,,,,,,,,,,,,,,,,,,,,,,,,,,,,,,,,,,,,,,,,,,,,,,,,,,,,,,,,,,,,,,,,,,,,,,,,,,,,,,,,,,,,,,,,,,,,,,,,,,,,,,,,,,,,,,,,,,,,,,,,,,,,,,,,,,,,,,,,,,,,,,,,,,,,,,,,,,,,,,,,,,,,,,,,,,,,,,,,,,,,,,,,,,,,,,,,,,,,,,,
Corylus avellana-type,TRSH,pollen,NISP,,30,21,11,10,12,11,19,12,9,41,164,168,207,199,215,215,169,171,198,183,174,211,215,244,244,229,195,235,223,186,191,211,236,220,223,235,195,186,185,123,114,148,162,163,146,157,151,159,149,141,136,149,181,120,100,117,123,114,154,150,166,174,153,165,204,192,151,182,205,195,203,195,184,206,198,178,174,186,187,177,169,203,192,174,182,200,201,196,208,198,196,207,218,231,224,227,233,224,235,213,191,223,231,232,225,226,204,201,136,171,193,205,198,224,214,185,195,154,188,174,186,230,207,193,210,203,211,193,224,194,211,238,189,207,220,239,210,194,227,201,214,221,220,212,211,229,262,247,233,256,214,232,211,222,251,256,244,275,233,237,217,241,227,228,205,214,213,195,228,234,185,201,186,195,216,219,211,267,269,257,218,200,222,258,257,253,243,201,222,229,261,282,237,219,239,215,213,220,218,183,164,231
Cyperaceae undiff.,UPHE,pollen,NISP,,5,2,1,7,4,3,2,6,7,2,8,7,3,5,3,1,7,2,2,3,4,2,6,2,3,,3,1,4,3,,,,1,1,5,5,,2,,3,,3,3,2,1,,7,5,,3,3,2,1,1,3,2,3,4,3,10,1,,,1,1,,2,,,2,1,3,1,,1,1,,2,,1,1,1,,2,1,2,,2,4,,,2,,1,,2,1,,,,1,,,2,,,,,,1,,3,,,1,2,,,,,1,,1,4,,,1,2,4,2,3,3,1,2,,1,,,1,1,1,1,1,4,,,1,1,1,1,1,2,,,,,1,22,6,1,1,3,,,,,2,,1,1,2,,3,,,,2,,,,,1,5,,,1,1,,1,,1,1,3,,1,,4,3,,,
Digitalis purpurea-type,UPHE,pollen,NISP,,,,,,,1,,,,,,,,,,,,,,,,,,,,,,,,,,,,,,,,,,,,,,,,,,,,,,,,,,,,,,,,,,,,,,,,,,,,,,,,,,,,,,,,,,,,,,,,,,,,,,,,,,,,,,,,,,,,,,,,,,,,,,,,,,,,,,,,,,,,,,,,,,,,,,,,,,,,,,,,,,,,,,,,,,,,,,,,,,,,,,,,,,,,,,,,,,,,,,,,,,,,
Drosera intermedia,AQVP,pollen,NISP,,,,,,,,,,,,,,,,,,,,,,,,,,,,,,,,,,,,,,,,,,,,,,,,,,,,,1,,,,,,,,,,,,,,,,,,,,,,,,,,,,,,,,,,,,,,,,,,,,,,,,,,,,,,,,,,,,,,,,,,,,,,,,,,,,,,,,,,,,,,,,,,,,,,,,,,,,,,,,,,,,,,,,,,,,,,,,,,,,,,,,,,,,,,,,,,,,,,,,,,,,,,
Drosera rotundifolia-type,AQVP,pollen,NISP,,,,,,,,,,1,,,2,,,,,,,1,,,,,,,,,,,,,,,,,,,,,,,1,,,,,,1,,,,1,,,,,,,,,,,,,1,1,,,1,,,,,,,,,,2,,,,,,,,,,,,,,,,,,,,,,,,,,,,,,,,,,,,,,,,,,,,,,,,,1,,,,,,1,,,,1,,,,,,,,,,,,,,,,,,,,,,,,,,,,1,,1,,,,,,,,,,,,,,,,,,,,,,,,,,,,,,1,,,,
Dryopteris filix-mas,VACR,spore,NISP,,,,,,,,,,1,,,,,,,,,,,,,,,,,,,,,,,,,,,,,,,,,,,,,,,,,,,,,,,,,,,,,,,,,,,,,,,,,,,,,,,,,,,,,,,,,,,,,,,,,,,,,,,,,,,,,,,,,,,,,,,,,,,,,,,,,,,,,,,,,,,,,,,,,,,,,,,,,,,,,,,,,,,,,,,,,,,,,,,,,,,,,,,,,,,,,,,,,,,,,,,,,
Epilobium-type,UPHE,pollen,NISP,,,,,,,,,,,,,,,,,,,,,,,,,,,,,,,,,,,,,,,,,,,,,,,,,,,,,,,,,,,,,,,,,,,,,,,,,,,,,,,,,,,,,,,,,,,,,,,,,,,,,,,,,,,,,,,,,,,,,,,,,,,,1,,,,,,,,,,,,,,,,,,,,,,,,,,,,,,,,,,,,,,,,,,,,,,,,,,,,,,,,,,,,,,,,,,,,,,,,,,,,,,,
Equisetum,VACR,spore,NISP,,,,1,1,1,2,,4,2,1,1,,,,,,,,2,,,,,1,,,1,,,,,,,1,,1,,,2,10,5,,1,1,1,,3,1,2,,,17,3,,47,3,39,63,5,3,5,2,1,,1,3,2,16,11,7,17,13,6,4,2,,5,4,7,7,28,6,6,,11,,5,2,4,,2,1,11,,1,1,1,,,1,6,,,,2,1,2,2,12,2,4,5,,,,1,4,2,1,1,2,,,2,,,,2,1,,,,,2,1,2,10,5,2,5,1,4,2,6,5,2,,,,,,,2,,3,,3,,3,,16,8,3,3,12,11,10,23,16,5,2,2,3,3,2,,,9,,7,5,3,1,,1,,2,7,5,9,,1,6,7,1,2,4,,,2,,6
Erica ciliaris-type,TRSH,pollen,NISP,,,,,,,,,,,,,,,,,,,,,,,,,,,,,,,,,,,,,,,1,1,,,,1,,,,,,,,,,,,,,,,,,,,,,,,,,,,,,,,,,,,,,,,,,,,,,,,,,,,,,,,,,,,,,,,,,,,,,,,,,,,,,,,,,,,,,,,,,,,,,,,,,,,,,,,,,,,,,,,,,,,,,,,,,,,,,,,,,,,,,,,,,,,,2,,,,,,,,,,,,,,,,,,
Erica tetralix,TRSH,pollen,NISP,,2,6,10,10,8,8,5,4,6,4,2,2,5,2,1,5,2,6,,2,,8,2,2,,4,4,2,1,2,9,10,1,13,7,9,7,9,5,3,1,5,7,5,6,5,3,8,6,6,2,2,1,10,6,2,,1,,3,3,6,6,12,,3,1,1,1,,,2,,1,4,1,2,1,,,,2,3,4,3,,3,2,6,2,,1,5,5,7,3,5,2,3,2,3,2,7,2,2,2,,,,1,,,,,,,1,,2,,,,,,,,,,,,,,,,,,,,,,,,,,1,,,,,,,,,,,,,,,,,,,,,,,,,,,,,,,,,,,,,,,,,,,,,,,,,,,,1,1,,,,
Fagus sylvatica,TRSH,pollen,NISP,,17,20,13,18,24,18,17,21,9,7,3,2,,2,,,1,1,1,,1,2,1,,1,,,1,,,,,1,,,,,1,1,,,,1,,,,,1,2,,,,,,,,,,,,,,,,,,,,,,,,,,,,1,,,,,,,,1,,1,,,,,,,,,,,,,,1,,,,,,,,,,,,,,,,,,1,,,,,1,,,,,,,,,,1,,,,,,,,,,,,,,,,,,,,,,,,,,,,,,,,,,,,,,,,,,,,,,,,,,,,,,,,,,,,,,,,,,,,
Filipendula,UPHE,pollen,NISP,,1,2,1,,3,1,2,1,3,2,,,1,,,,,1,1,,1,,1,,,,,,,,,,,,1,,2,2,1,,1,,,,1,,3,,,,,,1,2,,,,,1,1,,,,,2,,,2,,,,,,,,,,,,,,,,,,,,,,,1,,,,,,1,,,1,,,,,2,,,,1,1,,,1,,,,,,,,,,1,,1,,,,,,,,,,,,1,,1,,1,1,1,,,,,,,,,,,,,,,,,,,,,,1,,,,,,,1,1,,,,1,,1,1,1,1,2,1,,2,,,1,,3,,,,,,,,2,,1,
Fraxinus excelsior,TRSH,pollen,NISP,,6,9,5,3,2,4,7,1,1,2,3,2,3,3,1,3,4,8,2,3,2,6,6,4,4,3,6,2,4,6,5,3,2,2,2,,1,6,1,15,13,6,12,4,4,10,7,3,6,8,18,10,5,6,17,14,17,17,11,7,8,4,1,5,6,10,13,2,5,6,2,13,7,3,2,9,12,7,9,12,4,9,10,8,8,5,4,9,10,3,4,7,3,8,3,1,,1,1,,4,2,4,1,1,6,,2,1,,,,,,,,1,,,,1,1,,,,,,,,,,,1,,,,,,,,,,,,,,,,,,,,,,,,,,,,,,,,,,,1,,,,,,,,,,,,,,,,,,,,,,,,,1,,,,,1,,,,
Geum,UPHE,pollen,NISP,,,,,,,,,,,,,,,,,,,,,,,,,,,,,,,,,,,,,,,,,,,,,,,,,,,,,,,,,,,,,,,,,,,,,,,,,,,,,,,,,,,,,,,,,,,,,,,,,,,,,,,,,,,,,,,,,,,,,,,,,,,,,,,,,,,,,,,,,,,,,,,,,,,,,,,,,,,,,,,,,,,,,,,,,,,,,,,,,,,,,,,,,1,,,,,,,,,,,,,,,,,,
Hedera helix,TRSH,pollen,NISP,,,1,,,1,1,1,,,,,,,1,,,,,2,,,1,,1,,,,2,,2,,1,,1,,,1,,1,2,2,1,2,,4,,5,2,3,4,2,,1,,1,1,1,,2,,1,1,3,1,2,,3,1,,,1,2,1,1,1,1,,,1,2,1,,,2,1,,3,,,1,1,,1,,1,,3,1,1,1,,1,,,,2,1,1,,,,,3,,,1,,,,,1,,3,1,1,1,1,3,1,,2,1,1,2,,,,,1,2,,,1,1,,2,,,,,,1,,1,2,2,,,1,,1,1,2,,,,,,,,,,,,,,,,,,,,,,,,,,,,,,1,,3,1,1,,,,,
Hypericum elodes,UPHE,pollen,NISP,,,,,,,,,,,,,,,,,,,,,,,,,,,,,,,,,,,,,,,,,,,,,,,,,,,,,,,,,,,,,,,,,,,,,,,,,,,,,,,,,,,,,,,,,,,,,,,,,,,,,,,,,,,,,,,,,,,,,,,,,,,,,,1,,,,,,,,,,,,,,,,,,,,,,,,,,,,,,,,,,,,,,,,,,,,,,,,,,,,,,,,,,,,,,,,,,,,,,,,,,,,,
Hypericum perforatum-type,UPHE,pollen,NISP,,,,1,,,,,,,,,,,,,,,,,,,,,,,,,,,,,,,,,,,,,,,,,,,,,,,,,,,,,,,,,,,,,,,,,,,,,,,,,,,,,,,,,,,,,,,,1,,,,,,,,,,,,,,,,,,,,,,,,,,,,,,,,,,,,,,,,,,,,,,,,,,,,,,,,,,,,,,,,,,,,,,,,,,,,,,,,,,,,,,,,,,,,,,,,,,,,,,,,,,,,,,,
Ilex aquifolium,TRSH,pollen,NISP,,2,1,,,,1,1,1,1,1,,,,,1,,,,,,,2,,,,,,,,,,,,,,,,,,,,,,,,,,,,1,,,,,,,,,,,,,,,1,,,,1,,,,,,,,,1,,,,,,,,,,,,,,,,,,,,,,,,,,,,,,,,,,,,,,,1,,,,,1,,,,,,,,,,,,,,,,,,,,,,,,,,,,,,,,,,,,,,,,,,,,,,,,,,,,,,,,,,,,,,,,,,,,,,,,,,,,,,,,
Indeterminable (broken),UNID,pollen/spore,NISP,,3,1,5,2,2,,,2,1,1,1,1,1,3,1,2,,1,,3,,3,3,2,1,,,1,,,,,1,3,,3,,1,2,2,,,3,1,7,1,,,,2,2,3,1,2,7,1,,3,,2,1,3,1,3,1,2,2,2,,1,,1,4,4,3,1,,3,2,1,2,2,,,2,3,2,2,2,,,1,,1,,,2,2,,2,2,4,,,1,,1,3,,2,2,1,2,2,,3,3,1,3,2,1,2,,2,2,,,1,,,,,,,1,,2,,,,1,,,1,1,2,,1,2,,3,,,,,,2,,2,,1,,,,2,,1,,1,,4,,,,1,,,3,2,3,2,,4,2,,,3,,,1,,,2,,6,8,,,2,,3,2
Indeterminable (concealed),UNID,pollen/spore,NISP,,,1,,4,,1,,1,3,2,3,2,3,,,1,,3,,2,,7,,,,2,,2,,1,,,,1,,1,,2,,,,,1,1,1,,,,,1,,1,,6,,2,,6,,8,,1,,1,,14,2,5,3,2,,,,1,1,,1,24,,4,,1,,,,8,1,,,,2,3,,,,,12,1,,11,,1,,,5,,2,,,,,7,8,,,1,3,,4,3,4,1,1,2,3,,,2,,,,,4,,,,,,,,13,,,3,2,1,,3,,,,,4,,,,14,,2,,,,,,4,,5,7,3,,1,,10,,4,,6,2,4,17,18,,,,7,,,,14,2,,,1,,1,3,,,1,,6,1
Indeterminable (corroded),UNID,pollen/spore,NISP,,,,,,,,,,1,,,,,,,,,,1,,,,,,,,,,,,,,,,2,,,,3,,,,,,,,,,,,,2,,,1,2,,2,,,,,,2,,,,,,,1,,,,,,,2,,,,1,,,,2,,,,,,,,,,,,,,,1,,,,2,,,,,,,,,,,,,,,1,,,,,,,,,,,,,,,,,,,,,,,,,,,,,,,,,,,,,,,,,,,,,,,,,,,3,,,,2,,,6,3,9,,,,,,,,,,,,,,,3,,,,,,,
Indeterminable (crumpled),UNID,pollen/spore,NISP,,,2,1,2,1,,1,1,3,3,2,4,2,1,,2,,2,1,,,,3,,,,2,,1,,1,,,1,,1,,,3,,1,,3,,2,,,,,1,1,,,,,1,1,2,,1,,,2,6,,,,,,,2,,,1,,1,,8,1,,,1,,2,,2,,1,,,,3,,2,,,1,1,,,3,1,,,,,,1,,,,,,,1,,,,1,1,,,1,1,,,,2,,,,,,,,,,,,,2,,,,,1,,3,,2,,,,,,,,,,,,,,,,,,,,,3,,,,1,,,2,1,4,1,,,1,,,,,,2,,,,,3,3,,,,,,
Indeterminable (degraded),UNID,pollen/spore,NISP,,,,,,,,,,1,,,,3,,,,,,,,2,1,,,,,,,,,,,,,1,,,,,,,,,,1,,,,,,,,,,,,,1,1,,,,,1,,,,,,,,,,,,,,4,,,,,,,,1,,,,,,,,,,,,,,,,,,,,,,,,,,,,,,,,,,3,,,,,,,,,,,,,,,,,,,,,,,,,,,,,,,,,,,,,,,1,,,,,,,,,,,,1,,,,1,,,,,6,,,,,,,,,,,,,,,6,,,,,,,
Juglans regia,TRSH,pollen,NISP,,,,,,,,1,,,,,,,,,,,,1,,,,,,,,,,,,,,,,,,,,,,,,,,,,,,1,,,,,,,,,,,,,,,,,,,,,,,,,,,,,,,,,,,,,,,,,,1,,,,,,,,,,,,,,,,,,,,,,,,,,,,,,,,,,,,,,,,,,,,,,,,,,,,,,,,,,,,,,,,,,,,,,,,,,,,,,,,,,,,,,,,,,,,,,,,,,,,,,,,,,,,,,,
Ligustrum vulgare,TRSH,pollen,NISP,,1,1,,,,1,,2,2,1,,,,,1,,,,,,,,,,,,,,,,,,,,,,,,,,,,,,,,,,,,,,,,,,,,,,,,,,,,,,,,,,,,2,,,,,,,,,,,,,,,,,,,,,,,,,,,,,,,,,,,,,,,,,,,,,,,,,,,,,,,,,,,,,,,,,,,,,,,,,,,,,,,,1,,,,,,,,,,,,,,,,,,,,,,,,,,,,,,,,,,,,,,,,,,,,,,,
Linum catharticum,UPHE,pollen,NISP,,,,,,,,,,,,,,,,,,,,,,,,,,,,,,,,,,,,,,,,,,,,,,,,,,,,,,,,,,,,,,,,,,,,,,,,,,,,,,,,,,,,,,,,,,,1,,,,,,,,,,,,,,,,,,,,,,,,,,,,,,,,,,,,,,,,,,,,,,,,,,,,,,,,,,,,,,,,,,,,,,,,,,,,,,,,,,,,,,,,,,,,,,,,,,,,,,,,,,,,,,,,
Lonicera periclymenum,TRSH,pollen,NISP,,,,,,,,,,,,,3,,,,,,,,,,,,,,,,,,,,,,,,,,,,,,,,,,,,,,,,,,,,,,,,,,,,,,,,,,,,,,,,,,,,,,,,,,,,,,,,,,,,,,,,,,,,,,,,,,,,,,,,,,,,,,,,,,,,,,,,,,,,,,,,,,,,,,,,,,,,,,,,,,,,,,,,,,,,,,,,,,,,,,,,,,,,,,,,,,,,,,,,,,,,,,
Lycopodiella inundata,VACR,spore,NISP,,1,,,,,,,1,1,,,,,,,,,,,,,,,,,,,,,,,,,,,,,,,,,,,,,,,,,,,,,,,,,,,,,,,,,,,,,,,,,,,,,,,,,,,,,,,,,,,,,,,,,,,,,,,,,,,,,,,,,,,,,,,,,,,,,,,,,,,,,,,,,,,,,,,,,,,,,,,,,,,,,,,,,,,,,,,,,,,,,,,,,,,,,,,,,,,,,,,,,,,,,,,,,
Lycopodium spike,LABO,quantity added,number,,21358,21358,21358,21358,21358,21358,21358,21358,21358,21358,21358,21358,21358,21358,21358,21358,21358,21358,21358,21358,21358,21358,21358,21358,21358,21358,21358,21358,21358,21358,21358,21358,21358,21358,21358,21358,21358,21358,21358,21358,21358,21358,21358,21358,21358,21358,21358,21358,21358,21358,21358,21358,21358,21358,21358,21358,21358,21358,21358,21358,21358,21358,21358,21358,21358,21358,21358,21358,21358,21358,21358,21358,21358,21358,21358,21358,21358,21358,21358,21358,21358,21358,21358,21358,21358,21358,21358,21358,21358,21358,21358,21358,21358,21358,21358,21358,21358,21358,21358,21358,21358,21358,21358,21358,21358,21358,21358,21358,21358,21358,21358,21358,21358,21358,21358,21358,21358,21358,21358,21358,21358,21358,21358,21358,21358,21358,21358,21358,21358,21358,21358,21358,21358,21358,21358,21358,21358,21358,21358,21358,21358,21358,21358,21358,21358,21358,21358,21358,21358,21358,21358,21358,21358,21358,21358,21358,21358,21358,21358,21358,21358,21358,21358,21358,21358,21358,21358,21358,21358,21358,21358,21358,21358,21358,21358,21358,21358,21358,21358,21358,21358,21358,21358,21358,21358,21358,21358,21358,21358,21358,21358,21358,21358,21358,21358,21358,21358,21358,21358,21358,21358,21358
Lycopodium spike,LABO,counted,number,,75,112,101,62,77,126,64,98,124,102,59,24,30,22,25,27,13,12,18,13,7,11,25,32,71,46,75,38,31,189,139,70,55,27,70,7,49,41,47,107,42,40,93,68,92,100,93,66,111,82,79,95,147,49,139,75,79,60,47,60,65,54,96,69,40,113,154,99,68,66,105,136,52,71,87,101,140,162,65,53,101,51,87,97,65,79,138,84,91,42,94,40,39,38,65,44,141,65,66,84,46,29,29,44,29,54,50,37,69,30,57,44,90,52,36,47,115,75,134,241,233,165,229,313,128,199,80,81,16,36,32,44,60,25,24,38,59,95,97,74,59,22,16,22,29,20,23,34,26,27,19,61,91,31,71,66,55,60,40,27,20,31,29,7,8,5,36,19,42,30,21,45,109,105,141,278,188,92,117,161,153,137,170,67,129,118,102,134,132,83,118,80,111,53,107,99,155,100,45,109,124,52
Lythrum salicaria-type,UPHE,pollen,NISP,,,,,,,,,,,,,,,,,,,,,,,,,,,,,,,,,,,1,,,,,,,,,,,,,,,,,,,,,,,,,,,,,,,,,,,,,,,,,,,,,,,,,,,,,,,,,,,,,,,,,,,,,,,,,,,,,,,,,,,,,,,,,,,,,,,,,,,,,,,,,,,,,,,,,,,,,,,,,,,,,,,,,,,,,,,,,,,,,,,,,,,,,,,,,,,,,,,,,,,,,,,,
Melampyrum,UPHE,pollen,NISP,,,,,,,,,,1,1,,,3,1,1,1,1,1,3,1,3,,1,1,,,3,3,2,1,1,,1,1,,,18,7,12,2,,1,1,,,1,2,,1,2,9,,,1,,,,,,,1,,1,3,,,,,,,,,,,,,,,,,,,,1,,,,,,,,1,,,,,,1,,,1,1,,,,,,,,1,,,1,,22,39,,4,1,1,3,,,,,1,,,,1,12,,,,,,,1,,,,1,,,,,3,,1,2,,,,1,,,,,,,,1,,1,,1,,1,,,,,,,,,,,,,,,,,,,,,,1,,,,,,,,1,,,,
Mentha-type,UPHE,pollen,NISP,,,,,,,,,,,,,,,,,,,,,,,,,,,,,,,,,,,,,,,,,,,,,,,,,,,,,,,,,,,,,,,,,,,,,,,,,,,,,,,,,,,,,,,,,,,,,,,,,,,,,,,,,,,,,,,,,,,,,,,,,,,,,,,,,,,,,,,,,,,,,,,,,,,1,,,,,,,,,,,,,,,,,,,,,,,,,,,,,,,,,,,,,,,,,,,,,,,,,,,,,,,,
Mercurialis perennis,UPHE,pollen,NISP,,,1,,,,,,,,,,,,,,,,,,,,,,,,,,,,,,,,,,,,,,,,,,,,,,,,,,,,,,,,,,,,,,,,,,,,,,,,,,,,,,,,,,,,,,,,,,,,,,,,,,,,,,,,,,,,,,,,,,,,,,,,,,,,,,,,,,,,,,,,,,,,,,,,,,,,,,,,,,,,,,,,,,,,,,,,,,,,,,,,,,,,,,,,,,,,,,,,,,,,,,,,
Myrica gale,TRSH,pollen,NISP,,3,4,1,2,3,3,5,8,14,5,1,6,10,10,,6,9,5,3,5,,5,2,3,,3,3,1,,,1,,,,1,3,6,2,,1,1,,,,,1,4,2,13,4,7,4,6,11,3,4,,1,4,,,,,,,,,,,1,,1,3,,,,4,,,,3,,,,4,3,9,12,22,14,6,9,14,20,5,7,2,6,1,,2,5,,1,1,1,,,3,,,1,,,,,,,,,1,,,,,,,,,,,,,,,,,,,,,,,,,,,,,,,,,,,,,,,,,,,,,,,,,,,,,,,,,,,,,,,,,,,,,,,,,,,,,,,,,
Nymphaea alba,AQVP,pollen,NISP,,1,,,,,,,,,,,,,,,,,,,,,,,,,,,,,,,,,,,,,,,,,,,,,,,,,,,,,1,,,,,,,,,,,,,,,,1,,,,,,,,,,,,,,,,,,,,,,,,,,,,,,,,,,,,,,,,,,,,,,,,,,,,,,,,,,,,,,,,,,,,,,,,,,,,,,,,,,,,,,,,,,,,,,,,,,,,,,,,,,,,,,,,,,,,,,,,,,,,,,,,,,,,
Ophioglossum,VACR,spore,NISP,,,1,14,13,16,38,72,57,19,3,1,,1,1,,,,,,,,,,,,,,,,,,,,,,,,,1,,,,,,,,,,,,,,1,,,,,,,,,,,,,,,,,,,,,,,,,,,,,,,,,,,,,,,,,,,,,,,,,,,,,,,,,,,,,,,,,,,1,,,,,,,,,,,,,,,,,,,,,,,,,,,,,,,,,,,,,,,,,,,,,,,,,,,,,,,,,,,,,,,,,,,,,,,,,,,,,,,,,,
Osmunda regalis,VACR,spore,NISP,,,1,,1,,,,,,,,,,,,,,,,,,,,,,,,,,,,,,,,,,,,,,,,,,,,,,,,,,,,,,,,,,,,,,,,,,,,,,,,,,,,,,,,,,,,,,,,,,,,,,,,,,,,,,,,,,,,,,,,,,,,,,,,,,,,,,,,,,,,,,,,,,,,,,,,,,,,,,,,,,,,,,,,,,,,,,,,,,,,,,,,,,,,,,,,,,,,,,,,,,,,,,
Pedicularis,UPHE,pollen,NISP,,,,,1,,,,,,,,,,,,,,2,,,,,,,,,,,,,,,,,,,,1,1,,,,,,,,,,,,1,,,,,,,,,,,,,1,,,,,,,,,,,,,,,,,,,,,,1,,,,,,,,,,,,,,,,,,,,,,,,,,1,,,5,3,,1,,,,,,,,,,,,,,,,,,,,,,,,,,,,,,,,,,,,,,,,,,,,,,,,,,,,,,,,,,,,,,,,1,,,,,,,,,,,,,,,,,,,,
Picea,TRSH,pollen,NISP,,1,2,2,,3,,1,,2,1,,,,,,,,,,,,,,,,,,,,,,,,,,,,,,,,,,,,,,,,,,,,,,,1,,,,,,,,,,,,,,,,,,,,,,,,,1,,,,,,,,,,,,,,,,,,,,,,,,,,,,,,,,,,,1,,,,,,,,,,,,,,,,,,,,,,,,1,,,,,,,,,,,,,,,,,,,,,,,,,,,,,,,,,,,,,,,,,,,,,,,,,,,,,,,,,,,,,
Pinguicula,UPHE,pollen,NISP,,,,,,,,,,,,,,,,,,,,,,,,,,,,,,,,,,,,,,,,,,,,,,,,,,,,,,,,,,,,,,,,,,,,,,,,,,,,,,,,,,,,,,,,,,,,,,,,,,,,,,,,,,,,,,,,,,,,,,,,,,,,,,,,,,,,,,,,,,,,,,,,,,,,,,,,,,,,,,,,,,,,,,,,,,,,,,,,,,,,,,,,,,,,,,,,,,,,,,,1,,,,
Pinus sylvestris,TRSH,pollen,NISP,,162,161,181,167,163,175,129,114,119,87,32,6,8,4,1,,2,1,2,1,1,1,3,1,1,,5,2,,1,,2,,1,2,1,2,3,5,2,,2,1,1,,2,3,5,3,6,2,3,3,3,3,3,6,,4,4,5,3,5,3,3,2,3,3,3,1,4,,1,1,2,2,2,8,2,4,2,4,2,3,2,3,3,3,2,4,4,1,4,,1,5,3,4,6,5,6,4,3,4,3,4,5,9,3,9,4,5,9,16,5,13,14,17,27,20,4,13,7,12,9,4,29,13,25,21,5,20,21,16,19,20,28,32,31,36,38,29,33,39,54,40,37,41,41,49,54,18,47,43,24,27,34,22,25,31,35,47,30,61,107,123,80,96,83,106,96,158,129,143,114,102,113,59,42,51,78,96,98,62,73,70,77,135,121,85,73,68,100,87,68,114,111,116,126,155,201,136
Plantago coronopus,UPHE,pollen,NISP,,,,,,,,,1,1,,,,,,,,,,,,,,,,,,,,,,,,,,,,,1,,,,,,,,,,,,,,,,,,,,,,,,,,,,,,,,,,,,,,,,,,,,,,,,,,,,,,,,,,,,,,,,,,,,,,,,,,,,,,,,,,,,,,,,,,,,,,,,,,,,,,,,,,,,,,,,,,,,,,,,,,,,,,,,,,,,,,,,,,,,,,,,,,,,,,,,,,,,,,,,,,,,
Plantago lanceolata,UPHE,pollen,NISP,,1,4,7,11,3,4,6,11,13,22,6,6,6,4,3,2,3,8,10,,4,1,3,1,,2,3,2,2,1,2,1,5,4,,4,7,5,3,4,1,3,6,3,5,2,1,3,6,3,1,1,,,2,3,2,2,3,6,2,3,5,6,1,4,3,2,,2,1,2,,2,2,1,1,1,2,,4,1,,2,4,,3,2,,,3,,,,2,,1,3,2,,1,,2,1,1,,,,1,1,,2,4,2,,,2,1,1,,1,,1,2,2,,1,1,1,,,1,1,1,,,1,1,,1,1,1,,,,4,,2,,,,,,,,,1,,,,,,,,,,,,,1,1,,,,,,2,,,,,,,,1,,,,,,,,,,1,,,,,,,1
Plantago media,UPHE,pollen,NISP,,,,,,,,1,,1,,,,,,,,,,,,,,,,,,,,,,,,,,,,,,1,,,,,,,,,,,,,2,,,,,,,,,,,,,,,,,,,,,,,,,,,,,,,,,,,,,,,,,,,,,,,,,,,,,,,,,,,,,,,,,,,,,1,,,,,,,,,,,,,,,,,,,,,,,,,,,,,,,,,,,,,,,,,,,,,,,,,,,,,1,1,,,,,,,,,,,,,,,,,,,,,,,,,,,
Poaceae (annulus >10 Âµm),UPHE,pollen,NISP,,2,4,1,6,4,2,3,2,1,1,1,2,1,,1,,,1,2,1,,,,,,,1,,,,,,,,,,,,,,,,,,,,,,,,,,,,,,,,,,,,,,,,,,,,,,,,,,,,,,,,,,,,,,,,,,,,,,,,,,,,,,,,,,,,,,,,,,,,,,,,,,,,,,,,,,,,,,,,,,,,,,,,,,,,,,,,,,,,,,,,,,,,,,,,,,,,,,,,,,,,,,,,,,,,,,,,,,,,,,,
Poaceae undiff.,UPHE,pollen,NISP,,50,66,75,71,90,72,80,99,109,129,66,52,43,37,28,40,50,38,28,56,51,37,17,23,37,44,24,20,32,57,47,32,26,19,25,27,37,44,42,25,29,27,26,31,39,29,27,31,39,47,26,25,29,31,36,42,39,21,24,20,19,32,44,40,18,20,16,15,28,14,20,16,9,27,27,15,38,28,20,14,14,13,30,18,25,8,31,18,25,17,21,15,22,16,30,18,16,25,18,14,20,19,15,18,24,25,26,25,14,26,44,15,25,17,25,21,23,25,22,23,22,25,22,12,22,27,16,31,20,21,24,14,21,20,14,19,17,22,27,28,12,21,17,18,31,19,14,15,16,18,16,20,15,22,20,14,18,17,19,16,24,22,15,9,11,8,18,13,14,13,12,12,8,15,13,28,14,15,27,29,33,29,22,16,13,23,18,13,11,18,17,12,20,21,16,12,15,14,9,10,8,10
Polygala,UPHE,pollen,NISP,,,1,,,,,,,,,,,,,,,,,,,,,,,,,1,,1,,,,,,,,,,,,,1,,,,,,,,,,,,,1,,,,,,,,,,,,,,,,,,,,,,,,,,,,,,,,,,,,,,,,,,2,,,,,,,,,,,,,,,,,,,,,,1,,,,3,,,,,,,,,,,,,,1,,,,,,,1,,1,,,,,,,,,,,1,,,,,,,,,,,,,,,,,,,,,,,,,,,,,,,,,,,,,,1,,,,,,,
Polygonum,UPHE,pollen,NISP,,,,,,,,,,,1,,,,,,,,,1,2,,,,,,,,,,,,,,,,,,,,,,,,,,,,1,,,,,,,,,,,,,,,,,,,,,,,,,,,,,,,,,,,,,,,,,,,,,,,,,,,,,,,,,,,,,,,,,,,,,,,,,,,,,,,,,,,,,,,,,,,,,,,,,,,,,,,,,,,,,,,,,,,,,,,,,,,,,,,,,,,,,,,,,,,,,,,,,,,,,,,,,,
Polypodiophyta (monolete) undiff.,VACR,spore,NISP,,5,3,2,1,3,2,2,3,15,4,4,4,3,3,5,2,5,6,4,3,8,1,2,1,9,1,3,,3,,1,,2,,2,,3,4,3,1,4,6,3,2,6,4,5,4,,4,5,3,4,8,4,1,3,3,2,1,6,6,8,9,1,3,5,4,4,2,2,1,6,1,6,,4,4,2,3,4,8,,3,5,2,2,2,2,,2,2,,1,2,10,2,2,3,3,,,1,4,3,1,,1,3,1,7,,5,3,5,5,4,2,5,1,2,1,4,,2,4,2,3,,2,4,1,4,4,4,1,1,2,2,2,,3,2,1,3,3,4,1,1,3,,,2,,,,2,1,2,5,1,3,2,1,1,1,,1,,,,,2,1,,,,,,,2,1,1,,2,,,1,1,,,,,1,2,1,4,,2,,,1
Polypodium,VACR,spore,NISP,,1,1,1,,,2,,1,9,1,,3,2,,1,3,,5,1,1,5,7,2,1,6,11,6,4,5,6,2,2,2,1,1,2,2,2,1,3,,1,6,1,4,2,1,2,4,8,2,6,2,10,5,4,3,3,2,7,1,1,2,3,2,1,,4,2,2,3,2,2,4,4,2,,4,2,2,2,2,2,1,1,4,1,,2,,2,1,,1,2,2,,1,1,1,,1,,,1,1,,,2,,,,2,1,2,,1,,1,,1,,,2,,1,,1,,1,,,2,,1,,,1,1,1,4,,1,,3,,,,,1,,,1,1,,,1,,,,,1,,,,,,,,,,,,,,,2,,,4,8,,,,,,,,1,2,,,,,2,,,,,1,,
Populus,TRSH,pollen,NISP,,,,,,,1,4,1,,,5,,,,,,1,,,,,,,,,,,,,,,,,,,,,,,,,,,,,,,,,,,,,,,,,,,,,,,,,,,,,,,,,,,,,,,,,,,,,,,,,,,,,,,,,,,,,,,,,,,,,,,,,,,,,,,,,,,,1,,,,,,,,,,,,,,,,,,,,,,,,,,,,,,,,,,,,,,,,,,,,,,,,,,,,,,,,,,,,,,,,,,,,,,,,,,,,,
Potamogeton natans-type,AQVP,pollen,NISP,,1,,,,,,,,,,,,,,,,,,,,,,,,,,,,,,,,,,,,,,1,,,,,,,,1,,1,,,,,,,,,,,,,,,,,,,,,,,,,,1,,,,,,,,,,,,,,,,,,,,,,,,,,,1,,,,,,,1,,,,,,,,,,,,,,,,,,,,,,,,,,,,,,,,,,,,,,,,,,,,,,,,,,,,,,,,,,,,,,,,,,,,,,,,,,,,,,,,,,,,,,,,,,,,,
Potentilla-type,UPHE,pollen,NISP,,,,,,,,,,,,,1,,,,,,1,,,,,,,,1,,,1,1,1,,,1,1,,1,,1,,,1,2,,,2,,1,,,1,,1,,,,,,,,,,1,,,,,,,,,,,,,,,,,,,,,,,,,,,,,,,,,,,,1,,,,,,,,,,1,,,,,,,,,,,,,,,3,,,,,,,1,,,,1,,,,,1,,,,,1,,1,,,,,,,,,1,,,,,,,,,,,,,,,,,,1,,,,,,,,,,,,,,,,,,,,,,,,,,,,
Poterium sanguisorba,UPHE,pollen,NISP,,,,,,,,,,,,,,,,,1,,,,,1,,,,,,,,,,,,,,,,,,1,,,,,,,,,,,,,,,,,,,,,,,,,,,,,,,,,,,,,,,,,,,,,,,,,,,,,,,,,,,,,,,,,,,,,,,,,,,,,,,,,,,,,,,,,,,,,,,,,,,,,,,,,,,,,,,,,,,,,,,,,,,,,,,,,,,,,,,,,,,,,,,,,,,,,,,,,,,,,,,,,,,
Pteridium aquilinum,VACR,spore,NISP,,2,5,12,6,7,5,15,18,21,12,12,12,14,14,10,12,16,13,10,15,10,9,4,1,2,,2,,2,,2,2,2,8,10,15,7,17,11,2,4,11,26,32,21,25,20,19,16,8,10,26,12,7,1,2,2,5,2,10,21,18,21,17,13,8,13,15,4,5,2,22,20,8,8,21,17,43,24,17,11,19,7,14,23,3,12,7,4,6,12,4,19,17,4,19,3,3,3,7,11,2,5,4,,7,5,11,22,10,29,5,8,12,7,16,12,10,3,5,7,12,28,16,38,25,10,10,5,18,16,7,12,23,12,10,6,9,7,8,4,16,10,14,5,10,3,2,2,8,4,12,5,5,12,4,16,11,22,6,8,15,5,7,,3,1,7,1,1,1,3,1,,1,7,8,1,1,4,,5,1,3,2,1,2,1,,7,1,5,3,1,,2,1,,1,3,1,1
Quercus,TRSH,pollen,NISP,,53,62,49,57,53,61,60,85,68,70,71,105,100,100,100,118,136,144,125,135,129,134,112,103,123,101,128,112,111,124,131,116,99,124,114,107,117,115,106,169,185,160,137,145,132,144,139,147,115,128,158,153,177,156,166,159,151,190,169,164,137,153,133,127,114,133,139,133,123,118,117,101,146,110,125,128,118,117,132,142,141,117,111,137,120,132,98,112,94,112,130,132,107,98,90,125,90,106,104,112,124,98,102,102,107,105,116,106,143,119,87,109,100,87,101,88,97,135,124,142,119,102,94,112,96,108,96,110,81,88,89,95,106,105,83,72,81,87,82,87,92,80,102,83,73,66,71,63,68,87,72,100,85,77,92,75,63,73,83,96,98,80,89,60,40,32,46,50,48,25,55,30,43,37,32,42,28,39,22,19,51,59,54,32,44,43,52,41,33,48,30,24,27,54,43,41,40,41,37,26,26,20
Rhinanthus-type,UPHE,pollen,NISP,,,,1,1,,,,,,,,,,,,,,,,,,,,,,,,,,,,,,1,,,,1,,,,,,,,,,,,,,,,,,,,,,,,,,,,,,,,,,,,,,,,,,,,,,,,,,,,,,,,,,,,,,,,,,,,,,,,,,,,,,,,,,,,,,,,,,,,,,,,,,,,,,,,,,,,,,,,,,,,,,,,,,,,,,,,,,,,,,,,,,,,,,,,,,,,,,,,,,,,,,,,1,,,,
Rosa,TRSH,pollen,NISP,,,,,,,,1,1,,1,,,,,,,,,1,,,,,,,,,,,,,,,,,,,,1,,,,1,,,,,,,,,,,,,,,,,,,,,,,,,,,,,,,,,,,,,,,,2,,,,,,,,1,,,1,,,,,,,,,,,,,1,1,,,,,,,,,,,,,,,,,,,1,,,,,,,,,,,,1,,,,,,,,,,,,,,1,,,,,,,,,,,,,,,,,,,,,,,,,,,,,,,,,,,,,,1,,,,,,,,,,,
Rosaceae undiff.,UPHE,pollen,NISP,,,1,,1,,,,,1,,1,,,,1,,,,,,1,,,,1,,,,,,,,,,,,,2,,,,,,1,1,1,,,2,,1,,,,1,,,,,,,,,,1,,,1,,,,1,,,,,,,,,,,1,1,1,,,,,,,,1,,1,,,1,,1,,,2,1,,,1,,2,1,,,1,1,1,1,,1,1,,,1,1,1,,2,2,1,,1,,,,,,1,,,,,,1,,1,,2,,,,1,,4,,,1,,,,1,1,,1,1,,1,,1,1,,,,,,1,,2,,2,,1,,1,,,,1,,1,,,,2,1,,,1,,,,,,
Rubiaceae,TRSH,pollen,NISP,,,1,,,,,,,,,,,,,,,,,,,,,,,,,,,,,,,,,,,,,,,,,,,,,,,,,,,,1,,,,,,,,,,,,,,,1,,,,,,,,,,,,,,,,,,,,,,,,,,,2,,1,,,,,,,,,,,,,,,,,1,,,,,,,,,,,,,,,,,,,,,,,,,,,,,,1,,,,,,,,,,1,,,,,,,,,,,,,,,,,,,,,,,,,,,,,,,,,,,,,,,,,,,,,,,
Rumex acetosa,UPHE,pollen,NISP,,1,,1,2,,,1,1,1,1,1,1,,,,,1,1,,1,,,1,,,,,,,1,,,,,,,,,,,,,,,,1,,1,,,1,,,,,,,,,3,,1,,,,,,1,,,1,,,1,,,,1,2,,,1,,,3,,1,,,,,1,2,,1,1,1,,1,1,,,1,,1,,,,1,,,,,,,,2,,,1,,,,1,,,,,,,,,,,,,,,,1,,,,,2,,,,1,,,,3,,,1,,,,,,,,,,,,,,,,1,,3,,,,,,,,2,3,1,,,,1,,,,1,,1,,,,,1,,,
Rumex acetosella,UPHE,pollen,NISP,,2,,,,,1,4,3,7,5,,,4,1,2,,4,1,2,2,2,2,,1,1,,,,,,,1,1,1,1,2,,,,,3,,1,,1,,,,1,,,,1,,,2,1,1,,,,,,,,,1,,1,,,,,,,,,,,,,,,,,,,,,,,,,,,,,,,,,,,,,,,,,,,,,,,,,,,,,,,,,,,,1,,,,,1,,,,,,,,1,,,,,,,,,1,,,,1,,,,1,,,,,,,,,,,,,,,,,,,,,,,,1,,,,,,,,,1,,,,,,,,,,
Rumex sanguineus-type,UPHE,pollen,NISP,,,,,,,1,1,,,,,,,,,,,,,,,,,,,1,,,,,,,,,,,,,,,,,,,,,,,,,,,,,,,,,,,,,,,,,,,,,,,,,,,,,,,,,,,,,,,,,,,,,,,,,,,,,,,,,,,,,,,,,1,,,,,,,,,,,,,,,,,,,,,,,,,,,,,,,,,,,,,,,,,,,,,,,,,,,,,,,,,,,,,,,,,,,,,,,,,,,,,,,,,,,,,,,
Salix,TRSH,pollen,NISP,,3,,4,1,1,1,1,3,,3,1,,1,1,1,,,,1,1,2,,2,,,1,1,,,,,,,,,,6,1,2,,1,2,1,2,2,1,2,1,4,,,,1,3,1,2,3,,,,,4,,1,2,,1,,4,1,1,,,2,1,,1,1,1,,,1,1,,1,,1,,1,,1,,1,1,,1,,,,1,,,,,,,,,,1,1,,,,,,1,1,,2,,,3,,,1,,,2,,,1,,,1,1,3,1,,2,,1,2,,2,,,,1,,3,,,,,1,,3,1,1,1,1,1,,1,,,,,,,,,1,2,,,,3,2,2,,,,1,,1,,1,,,,2,1,,,,1,1,,,
Sambucus nigra,TRSH,pollen,NISP,,2,1,,2,3,,,1,2,,,,,,1,,,,2,,,,,,2,,,,1,,,,,,,,,,2,1,1,1,1,,,,1,,1,,,,3,,2,,1,,,,,,,,,,,,,,1,,,1,,,,,,,,,,,,,,,1,,,1,,,,,,,,,,1,,,,,,,,,,,,,,,,,,,,,,,,,,,,,,,,,,,,,,,,,,,,,,,,,,,,,,,,,,,,1,,,,,,,,,,,,,,,,,,,,,,,,,,,,,,,,,,,,,,,,
Sample quantity,LABO,volume,ml,,4,4,4,4,4,4,4,1,1,1,1,1,1,1,1,1,1,1,1,1,1,1,1,1,1,1,1,1,1,1,1,1,1,1,1,1,1,1,1,1,1,1,1,1,1,1,1,1,1,1,1,1,1,1,1,1,1,1,1,1,1,1,1,1,1,1,1,1,1,1,1,1,1,1,1,1,1,1,1,1,1,1,1,1,1,1,1,1,1,1,1,1,1,1,1,1,1,1,1,1,1,1,1,1,1,1,1,1,1,1,1,1,1,1,1,1,1,1,1,1,1,1,1,1,1,1,1,1,1,1,1,1,1,1,1,1,1,1,1,1,1,1,1,1,1,1,1,1,1,1,1,1,1,1,1,1,1,1,1,1,1,1,1,1,1,1,1,1,1,1,1,1,1,1,1,1,1,1,1,1,1,1,1,1,1,1,1,1,1,1,1,1,1,1,1,1,1,1,1,1,1,1
Scutellaria-type,UPHE,pollen,NISP,,,,,1,,,,,,,,,,,,,,,,,,,,,,,,,,,,,,,,,,,3,,,,,,,,,,,,,,,,,,,,,,,,,,,,,,,,,,,,,,,,,,,,,,,,,,,,,,,,,,,,,,,,,,,,,,,,,,,,,,,,,,,,,,,,,,,,,,,,,,,,,,,,,,,,,,,,,,,,,,,,,,,,,,,,,,,,,,,,,,,,,,,,,,,,,,,,,,,,,,,,,,,
Sedum,UPHE,pollen,NISP,,2,,,,,,,,,,,,,,,,,,,,,,,,,,,,,,,,,,,,,,,,,,,,,,,,,,,,,,,,,,,,,,,,,,,,,,,,,,,,,,,,,,,,,,,,,,,,,,,,,,,,,,,,,,,,,,,,,,,,,,,,,,,,,,,,,,,,,,,,,,,,,,,,,,,,,,,,,,,,,,,,,,,,,,,,,,,,,,,,,,,,,,,,,,,,,,,,,,,,,,,,,
Solanum dulcamara,UPHE,pollen,NISP,,,,,,1,,,,,,,,,,,,,,,,,,,,,,,,,,,,,,,,,,,,,,,,,,,,,,2,,,,,,,,,,,,,,,,,,,,,,,,,,,,,,,,,,,,,,,,,,,,,,,,,,,,,,,,,,,,,,,,,,,,,,,,,,,,,,,,,,,,,,,,,,,,,,,,,,,,,,,,,,,,,,,,,,,,,,,,,,,,,,,,,,,,,,,,,,,,,,,,,,,,,,,
Solidago virgaurea-type,UPHE,pollen,NISP,,,,,,,1,2,,2,2,,,1,,,1,,,1,,2,,,,,,,,,,,,,,,,,,,,,,,,,,,,,,,,,,,,,,,,,,1,1,,1,,,,,,,,,,,,,,,,,,,,,,,,,,,,,,,,,,1,1,,,,,,,,,,,1,,1,,,,,,,,1,,,,,,,,1,,,,,,,,,,,1,,1,,,,,,,,,,,,,,1,,,,,,,,,,,,,,,,,,1,,,,1,1,,,,1,,,1,,,,,,,,,,,,,,,
Sparganium erectum,AQVP,pollen,NISP,,,,,,,,,,,,,,,,,,,,,,,,,,,,,,,,,,,,,,,,,,,,,,,,,,,,,,,,,,,,,,,,,,,,,,,,,,,,,,,,,,,,,,,,,,,,,,,,,,,,,,,,,,,,,,,,,,,,,,,,,,,,,,,,,,,,,,,,,,,,,,,,,,,,,,,,,,,,,,,,,,,,,,,,,,,,,,,1,,,,,,,,,,,,,,,,,,,,,,,,,,,,
Succisa pratensis,UPHE,pollen,NISP,,,,1,,,,,,,,,,,,,,,,,,,,,,,,1,,,,,,,,,,,,,,,,,,,,,,,,,,1,,,,,,,,,,,,,,,,1,,,,,,,1,1,,1,,,1,,,,,,,,,,,,,,,1,,,,,,,,,,,2,,,,,,,1,,,,,,,1,,,,,,,,,,,,1,1,,,,,1,,,,,,,,,,,,,,,,,,,,,,,,1,,,,,,,,,1,,,,,,,,,,,,,,,,,,,,,,1,,,1,,,,
Symphytum,UPHE,pollen,NISP,,,,,,,,,,,,,,,,,,,,,,,,1,,,,,,,,,,,,,,,,,,,,,,,,,,,,,,,,,,,,,,,,,,,,,,,,,,,,,,,,,,,,,,,,,,,,,,,,,,,,,,,,,,,,,,,,,,,,,,,,,,,,,,,,,,,,,,,,,,,,,,,,,,,,,,,,,,,,,,,,,,,,,,,,,,,,,,,,,,,,,,,,,,,,,,,,,,,,,,,,,,,
Taxus baccata,TRSH,pollen,NISP,,,1,,,,,2,,3,,,,,,1,,,,,,2,,,,,,,,,,,,,,,,,1,2,,1,,1,1,,,,,1,,1,,,,,,,,,,,,,,,,,,,,,,,,,,,,,,,,,,,,,,,,,,,,,,,,,,,,,,,,,,,,,,,,,,,,,,,,,,,,,,,,,,,,,,,,,,1,,,,,,,,,,,,,,,,,,,,,,,,,,,,,,,,,,,,,,,,,,,,,,,,,,,,,,,,,,,,,
Thalictrum,UPHE,pollen,NISP,,,,,,,,,,,,,,,1,,,,,,,,,,,,,,,,,,,,,,,,,,,,,,,,,,,,,,,,,,,,,,,,,,,,,,,1,,1,,,,,,,,,,,,,,,,,,,,,,,,,,,,,,1,,,,,,,,,,,,,,,,,,,,,,,,,,,,,,,,,,,,,,,,,1,,,,,,,,,,,,,,,,,,,,,,,,,,,,,,,,,,,,1,,,,,,,,,,,,,,,,,,,,,,,,
Tilia cordata,TRSH,pollen,NISP,,1,2,,1,,1,1,,,3,,6,6,3,9,2,7,6,5,2,7,4,9,4,3,3,6,5,9,5,3,6,1,3,1,9,6,15,9,9,6,11,12,7,20,10,11,9,10,12,8,19,20,13,8,10,10,12,11,8,15,9,18,16,6,10,8,10,8,14,9,12,4,9,9,15,5,6,4,12,13,13,16,7,11,8,9,6,14,4,6,2,2,3,1,1,3,1,2,3,1,1,1,3,2,2,1,,5,,,3,1,,,,2,,,1,1,,,,,,,,,,,,,,,,,,,,1,,,,,,,,1,,,,,,,,,,,,,,,,,,,,,,,,,,,,,,,,,,,,,,,,,,,,,,,1,,,,,,
Tilia platyphyllos,TRSH,pollen,NISP,,,,,,,,,,,,,,,,,,,,,,,,,,,,,,,,,,,,,,,,,,,,,,,,,,,1,,,,,,,,,,,,,,,,,,,,,,,,,,,,,,,,,,,,,,,,,,,,,,,,,,,,,,,,,,,,,,,,,,,,,,,,,,,,,,,,,,,,,,,,,,,,,,,,,,,,,,,,,,,,,,,,,,,,,,,,,,,,,,,,,,,,,,,,,,,,,,,,,,,,,,,,
Tilletia sphagni,FUNG,spore,NISP,,,,,,,,,,,,,,,,,,,2,3,1,4,,1,,,,,,1,,,,1,,,,,,1,,,,,,,,,1,1,,,,,,,,,,,,,,,,,,,,,,,,,,1,,,,,,,,,1,,,,,,,,,,,,,,,,,,,,,,,,,,,,,1,,1,,,,,,,,,,,,,1,,,,,,,,,,1,,,,,,,,,,,,1,,,,,,,,,,,,,,,,,,,,,,,,,,,,,,,,,,,,,,,,,,,,,,,,,,,,
Tsuga,TRSH,pollen,NISP,,,,,,2,,1,,,,,,,,,,,,,,,,,,,,,,,,,,,,,,,,,,,,,,,,,,,,,,,,,,,,,,,,,,,,,,,,,,,,,,,,,,,,,,,,,,,,,,,,,,,,,,,,,,,,,,,,,,,,,,,,,,,,,,,,,,,,,,,,,,,,,,,,,,,,,,,,,,,,,,,,,,,,,,,,,,,,,,,,,,,,,,,,,,,,,,,,,,,,,,,,,,,
Typha latifolia,AQVP,pollen,NISP,,,1,,,,,,,,,,,,,,,,,,,,,,,,,,,,,,,,,,,,,,,,,,,,,,,,,,,,,,,,,,,,,,,,,,,,,,,,,,,,,,,,,,,,,,,,,,,,,,,,,,,,,,,,,,,,,,,1,,,,,,,,,,,,,,,,,,,,,,,,,,,,,,,,,,,,,,,,,,,,,,,,,,,,,,,,,,,,,,,,,,,,,,,,,,,,,,,,,,,,,,,,,
Ulex-type,TRSH,pollen,NISP,,4,,1,1,2,1,1,,3,,,,1,,,,,,,1,1,,1,1,,,,,1,,,1,,,,,4,,,1,,,1,2,,1,1,,1,2,1,,,,4,4,,1,1,,1,,2,,,,2,,1,,,,,,1,,,,1,,,,,,,,,1,,,,,1,,,,,,,,,,,,,,,,,,,,,,,,,,,,,,1,1,,,,,,,,,,,,,,,,,,,,,,,,,,,,,,,,,,1,,,,,,,,,,,,,,,,,,,,,,,,,,,1,,,,,,,,,,,,,,,,,
Ulmus,TRSH,pollen,NISP,,4,3,4,1,2,2,9,5,10,6,15,28,6,27,24,15,17,8,8,8,6,5,10,8,3,5,10,7,4,5,9,5,7,7,6,5,4,7,5,25,30,26,34,26,18,27,33,29,37,41,27,23,48,37,25,11,19,19,24,26,37,21,23,24,27,29,39,27,23,31,37,36,31,25,27,27,37,37,34,26,36,22,27,19,28,20,25,29,24,46,21,30,18,17,15,20,23,19,20,30,32,23,24,31,28,18,28,32,63,36,38,38,38,42,30,23,37,23,17,31,25,23,26,21,28,22,23,19,21,26,19,15,34,21,24,26,31,30,21,28,22,26,18,20,25,20,15,11,23,20,28,16,23,25,20,14,26,14,21,6,17,22,25,29,35,29,41,41,21,24,16,14,20,31,18,22,18,16,20,27,16,5,17,18,15,10,5,8,12,14,10,15,6,24,21,15,11,16,4,11,6,7
Urtica dioica,UPHE,pollen,NISP,,2,3,2,3,1,6,1,1,3,3,2,,,,2,,,1,,,,1,2,,,,1,1,,,,,1,,2,1,6,,1,2,,,4,1,3,1,5,1,,,1,,,2,4,,5,1,4,,5,,1,,1,1,,1,2,2,,6,1,1,,,,,,,1,2,2,1,1,,,,1,,,1,,,1,,2,,,,,,,,,,,,,1,3,1,,2,2,3,,3,,,1,1,1,7,2,1,,1,,1,1,2,2,,,,4,3,1,3,4,2,1,,4,,,,2,1,,2,,2,,1,1,,,,1,1,,4,1,3,,,,,,,1,,,2,2,3,,1,1,3,3,2,,1,1,,,3,,2,2,1,,1,2,,,1,1,
Vaccinium-type,TRSH,pollen,NISP,,,,,,2,1,1,,,,,,1,,,,,,,,,,,,,,,,,,,,,,,,,,,,,,,,,,,,,,,,,,,,,,,,,,,,,,,,,,,,,,,,,,,,,,,,,,,,,,,,,,,,,,,,,,,,,,,,,,,,,,,,,,,,,,,,,,,,,,,,,,,,,,,,,,,,,,,,,,,,,,,,,,,,,,,,,,,,,,,,,,,,,,,,,,,,,,,,,,,,,,,,,,,,,
Veronica,UPHE,pollen,NISP,,1,,,,,,,,,,,,,,,,,,,,,,,,,,,,,,,,,,,,,,,,,,,,,,,,,,,,,,,,,,,,,,,,,,,,,,,,,,,,,,,,,,,,,,,,,,,,,,,,,,,,,,,,,,,,,,,,,,,,,,,,,,,,,,,,,,,,,,,,,,,,,,,,,,,,,,,,,,,,,,,,,,,,,,,,,,,,,,,,,,,,,,,,,,,,,,,,,,,,,,,,,
Viola arvensis-type,UPHE,pollen,NISP,,,,,,,,,,,,,,,,,,,,,,,,,,,,1,,,,,,,,,,,,,,,,,,,,,,,,,,,,,,,,,,,,,,,,,,,,,1,,,,,,,,,,,,,,,,,,,,,,,,,,,,,,,,,,,,,,,,,,,,,,,,,,,,,,,,,,,1,,,,,,,,,,,,,,,,,,,,,,,,,,,,,,,,,,,,,,,,,,,,,,,,,,,,,,,,,,,,,,,,,,,,,,,
Viscum album,TRSH,pollen,NISP,,,,,,,,,,,,,,,,,,,,,,,,,,,,,,,,,,1,,,,,,,,,,,,,,1,,,,,,,,,,,,,,,,,,,,,,,,,,,,,,,,,,,,,,,,,,,,,,,,,,,,,,,,,,,,,,,,1,,,,,,,,,,,,,,,,,,,,,,,,,,,,,,,,,,,,,,,,,,,,,,,,,,,,,,,,,,,,,,,,,,,,,,,,,,,,,,,,,,1,,,,,,,,,