Pediastrum,ALGA,colony,NISP,,708,963,290,647,1695,1566,194,1198,292,399,226,442,94,219,165,157,184,128,20,14,14,19,19,31,14,38,25,41,62,95,121,116,263,219,156,50,45,89,138,139,102,9,53,29,12,2,9,8,20,6,25,9,16,31,16,13,33,33,34,49,38,21,21,9,,1,,,,,3,,,,9,65,398,381,735,882,640,906,272,59,210,297,289,455,44
Unknown (pre-Quaternary),ANAC,pollen,NISP,,6,10,3,,,3,,,,,,,,,,,,,,,,,,,,,,,,,,,1,2,4,,3,5,,,,1,2,4,3,,,,,,,,,,,,,,,,,,,,,,,,,,,,,,,,129,335,179,83,34,105,71,235,75,85,146,10,10
Sphagnum,AQBR,spore,NISP,,4,2,7,4,4,6,3,3,8,3,5,3,,3,7,5,,4,4,,1,2,,2,2,,1,2,3,5,4,1,4,7,8,9,7,3,5,,4,8,10,2,5,2,1,2,1,2,1,1,1,,,2,2,2,,3,9,6,19,13,4,1,8,6,16,30,53,104,79,21,1,4,4,4,5,2,5,4,6,14,5,1,,6,3
Alisma plantago-aquatica,AQVP,pollen,NISP,,,,,,1,,,,,,,,,,,,,,,,,,,,,,,,,,,,,1,,,,,,,,,,,,,,,,1,,,1,,,,,,,,,,,,,,,,,,,,,,,,1,,,1,,,,,,,,1,
Ceratophyllum,AQVP,leaf spine,NISP,,7,4,6,5,,,,,,,1,,,,1,,,,,,,,,,,,,,,,,,,,,,,,3,,1,,1,,,,,,,,,,,,,,,,,,,,,,,,,,,,,,,,,,1,,7,5,3,,,,,,,1,
Cladium mariscus,AQVP,pollen,NISP,,,,,,,,,,,,,,,,,,1,,,,,,,,,,,,,,,,,,,,,,,,1,,,,,1,,,,,,1,,,,,,,,,1,1,,,,,,,,,,,1,,,,,,,,,,,,,,,,
Elatine-type,AQVP,pollen,NISP,,,,,,,,,,,,,,,,,,1,,,,,,,,,,,,,,,2,,,,,,,,,,,,,,,,,,,,,,,,,,,,,,,,,,,,,1,,,,,,,,,,,,,,,,,,,1,
Hippuris vulgaris,AQVP,pollen,NISP,,,,,,1,,,,,,,,,,,,,,,,,,,,,,,,,,,,,,,,,,,,,,,,,,,,,,,,,,,,,,,,,,,,,,,,,,,,,,,,,,,,,,,,,,1,,
Hottonia palustris,AQVP,pollen,NISP,,,,,1,,,,,,,,,,,,,,,,,,,,,,,,,,,,,,,,,,,,,,,,,,,,,,,,,,,,,,,,,,,,,,,,,,,,,3,,,,,,,,,,,,,,,,
Hydrocotyle vulgaris,AQVP,pollen,NISP,,,1,,,,,1,,,,,,1,,,,,,,,,,,,,,,,,,,,,,,,,,,,,,,,,,,,,,,,,,,,,,,,,,,,,,,,,,,,,,,,,,,,,,,,,,,,
Isoëtes,AQVP,spore,NISP,,,,,,2,2,2,3,,,,,,,,,,,,,,,,,,,,,,,,,,,,,,,,,,,,,,,,,,,,,,,,,,,,,,,,,,,,,,,,,,,,,,,,,,,,,,,,,
Menyanthes trifoliata,AQVP,pollen,NISP,,,,,,,,,,,,,,,1,1,,,,,,,,,,,,,,,,,,,,,,,,,,,,,,,,1,,,,,,,,,,,,,,,,,,,,,,,,,,,,,,,,,,,,,,,,,,
Myriophyllum alterniflorum,AQVP,pollen,NISP,,,,,,,,,,,,,,,,,,,,,,,,1,,,,,,,,,,,,,,,,,,,,,,,,,,,,,,,,,,,,,,,,,,,,,,,,,,,,,1,1,,,,,,,,,,1,66,
Myriophyllum spicatum,AQVP,pollen,NISP,,,,,1,,,,,1,,,,,1,5,,,,1,,,,3,,,,,,,,,,,,,,,,,,,,,,,,,,,,,,,,,,,,,,,,,,,,,,,,,,,,,1,,,,,,,,,,,,22,
Myriophyllum verticillatum,AQVP,pollen,NISP,,,,,1,1,,,,,,,,,,1,,,,,,,,,,,,,,,,,,,,,,,,,,,,,,,,,,,,,,,,,,,,,,,,,1,,,,,,,,,,,,1,,,2,,,,,,,,1,13,
Nymphaea candida,AQVP,pollen,NISP,,,,,,,,,,,,,,,,,,,,,,,,,,,,,,,,,,,,,,,,,,,,,,,,1,,,,,,,,,,,,,,,,,,,,,,,,,,,,,,,,,,,,,,,,,,
Potamogeton,AQVP,pollen,NISP,,2,2,8,4,7,12,8,6,4,3,1,1,3,,8,2,1,,,,,,,1,,,,,,,,1,1,,,,,,2,1,2,3,,,,,,,,,,1,,1,,,,,,,1,1,,,,,,,,,,,,2,,,5,2,6,2,3,,4,2,2,2,5,17,5
Ranunculus sect. Batrachium,AQVP,pollen,NISP,,2,7,1,2,1,2,2,1,2,2,1,1,1,,4,1,1,,,,,,1,,,,1,,,,,,,,,,,,,,,,,,2,,,,,,,1,,,,,,1,,,,,,,,,1,,,2,,1,,,,,6,,,4,6,1,,,1,,,,
Stuckenia,AQVP,pollen,NISP,,,,,,,1,,,1,,1,,,,,,,,,,,,,,,,1,,,,,,,,,,,,,,,,,,,,,,,,,,,,,,,,,,,,1,,,,,,,,,,,,,,,2,2,,,6,,,2,2,5,6,1
Typha angustifolia/Sparganium,AQVP,pollen,NISP,,4,1,,,2,1,,1,,,,1,,,,,,,,,,,,,,,,1,1,,,1,1,1,,,,,2,,,1,1,,,,3,,1,1,,,3,,,1,,1,2,,1,,2,3,1,1,5,1,,1,4,2,5,2,,1,,,1,,,1,,,,,1,,
Typha latifolia,AQVP,pollen,NISP,,2,,,,1,,,,,,,,,,1,,,,,,,1,,,,1,,,,,,,,1,,,,,,,,,,,,,,,,,,,,,,,,,1,1,,,,,1,,,1,,,,1,,,,1,,,,,,,,,,,,,
Giesecke et al. 2014 (MADCAP),Calibrated radiocarbon years BP,,,,475/211/8,489/260/83,504/309/154,522/358/221,542/407/284,566/455/345,598/503/405,637/551/463,680/598/511,733/645/552,793/692/590,859/743/630,933/798/675,1013/860/724,1098/930/782,1192/1010/852,1292/1102/935,1403/1207/1037,1526/1328/1159,1663/1467/1299,1752/1559/1390,1814/1624/1454,1879/1692/1523,1946/1763/1594,2016/1837/1667,2091/1914/1745,2168/1994/1826,2248/2077/1911,2331/2162/1999,2416/2251/2090,2503/2342/2184,2593/2436/2279,2686/2532/2377,2785/2632/2479,2890/2736/2587,2999/2844/2699,3115/2957/2816,3237/3076/2940,3363/3202/3068,3497/3335/3203,3637/3476/3339,3784/3626/3481,3939/3783/3630,4102/3947/3786,4272/4116/3949,4358/4203/4031,4446/4290/4114,4632/4468/4284,4825/4649/4458,5025/4835/4639,5231/5026/4828,5441/5223/5020,5655/5426/5215,5874/5637/5415,6099/5854/5622,6328/6077/5835,6563/6305/6056,6800/6537/6280,7040/6774/6509,7282/7014/6741,7526/7257/6977,7770/7503/7217,8017/7749/7462,8262/7997/7709,8506/8245/7959,8749/8492/8212,8989/8739/8465,9226/8984/8718,9461/9227/8970,9694/9468/9220,9924/9704/9464,10152/9937/9705,10842/10619/10400,11072/10843/10620,11531/11288/11042,11776/11511/11246,12028/11734/11443,12286/11957/11636,12545/12180/11826,12806/12403/12015,13067/12626/12201,13329/12848/12387,13590/13071/12570,13854/13294/12755,14249/13628/13030,14512/13851/13213,14775/14074/13396,15038/14297/13579,15434/14631/13854
name,group,element,units,context,S227212,S227213,S227214,S227215,S227216,S227217,S227218,S227219,S227220,S227221,S227222,S227223,S227224,S227225,S227226,S227227,S227228,S227229,S227230,S227231,S227232,S227233,S227234,S227235,S227236,S227237,S227238,S227239,S227240,S227241,S227242,S227243,S227244,S227245,S227246,S227247,S227248,S227249,S227250,S227251,S227252,S227253,S227254,S227255,S227256,S227257,S227258,S227259,S227260,S227261,S227262,S227263,S227264,S227265,S227266,S227267,S227268,S227269,S227270,S227271,S227272,S227273,S227274,S227275,S227276,S227277,S227278,S227279,S227280,S227281,S227282,S227283,S227284,S227285,S227286,S227287,S227288,S227289,S227290,S227291,S227292,S227293,S227294,S227295,S227296,S227297,S227298,S227299,S227300
EPD default,Radiocarbon years BP,,,,--/86/--,--/162/--,--/239/--,--/316/--,--/392/--,--/469/--,--/546/--,--/622/--,--/699/--,--/776/--,--/852/--,--/929/--,--/1006/--,--/1082/--,--/1159/--,--/1236/--,--/1312/--,--/1389/--,--/1466/--,--/1542/--,--/1640/--,--/1712/--,--/1785/--,--/1857/--,--/1929/--,--/2001/--,--/2073/--,--/2145/--,--/2217/--,--/2290/--,--/2362/--,--/2434/--,--/2507/--,--/2581/--,--/2655/--,--/2729/--,--/2804/--,--/2878/--,--/2952/--,--/3026/--,--/3100/--,--/3278/--,--/3456/--,--/3634/--,--/3812/--,--/3901/--,--/3990/--,--/4092/--,--/4193/--,--/4295/--,--/4397/--,--/4498/--,--/4600/--,--/4833/--,--/5067/--,--/5300/--,--/5533/--,--/5767/--,--/6000/--,--/6233/--,--/6467/--,--/6700/--,--/6933/--,--/7167/--,--/7400/--,--/7633/--,--/7867/--,--/8100/--,--/8333/--,--/8567/--,--/8800/--,--/8943/--,--/9373/--,--/9517/--,--/9803/--,--/9947/--,--/10090/--,--/10233/--,--/10377/--,--/10520/--,--/10663/--,--/10807/--,--/10950/--,--/11093/--,--/11308/--,--/11452/--,--/11595/--,--/11738/--,--/11953/--
Author preferred,Radiocarbon years BP,,,,--/-18/--,--/62/--,--/142/--,--/222/--,--/302/--,--/382/--,--/462/--,--/542/--,--/622/--,--/705/--,--/789/--,--/873/--,--/956/--,--/1040/--,--/1123/--,--/1207/--,--/1291/--,--/1374/--,--/1458/--,--/1542/--,--/1638/--,--/1709/--,--/1780/--,--/1851/--,--/1922/--,--/1992/--,--/2063/--,--/2134/--,--/2205/--,--/2275/--,--/2346/--,--/2417/--,--/2489/--,--/2565/--,--/2642/--,--/2718/--,--/2795/--,--/2871/--,--/2947/--,--/3024/--,--/3100/--,--/3278/--,--/3456/--,--/3634/--,--/3812/--,--/3901/--,--/3990/--,--/4047/--,--/4104/--,--/4161/--,--/4218/--,--/4275/--,--/4332/--,--/4388/--,--/4445/--,--/4502/--,--/4559/--,--/4616/--,--/4673/--,--/4730/--,--/5100/--,--/5470/--,--/5840/--,--/6210/--,--/6580/--,--/6950/--,--/7320/--,--/7690/--,--/8060/--,--/8430/--,--/8800/--,--/8943/--,--/9373/--,--/9517/--,--/9830/--,--/10000/--,--/10050/--,--/10100/--,--/10150/--,--/10200/--,--/10250/--,--/10300/--,--/10383/--,--/10467/--,--/10592/--,--/10675/--,--/10758/--,--/10875/--,--/11100/--
Abies alba,TRSH,pollen,NISP,,,,1,,,,,,,,,1,,,,,1,,1,,,,,1,1,,,2,,,1,1,,,2,,,,,,1,,,,1,,,1,,,,,,,,,1,,,,,,,,,,,,,,,,,,,,,,,,,,,,,,,,
Acer,TRSH,pollen,NISP,,3,1,,,,,,,,,1,,,,,,,,1,1,,,,,,,,,,,,,,,,,1,,,,1,1,1,,5,3,4,,5,2,6,4,6,2,4,2,7,3,4,5,,1,,,,,,,,,1,,,,,,,,,,,,,,,,,,
Alnus,TRSH,pollen,NISP,,41,29,55,59,56,64,70,62,147,140,192,244,211,203,154,136,116,124,240,175,140,187,318,212,260,187,280,147,169,135,140,159,125,107,150,141,134,150,205,201,213,171,172,110,219,226,139,218,141,175,242,201,231,164,153,161,200,237,226,170,173,200,137,187,173,197,149,182,71,54,33,2,1,,,,,,,,1,1,2,2,,,,,
Arctostaphylos,TRSH,pollen,NISP,,,,,,,,,,,,,,,,,,,,,,,,,,,,,,,,,,,,,,,,,,,,,,,,,,,,,,,,,,,,,,,,,,,,,,,,,4,2,,,,,,,,1,,,,,,2,,1
Betula,TRSH,pollen,NISP,,107,97,50,58,97,100,81,115,219,166,195,243,227,164,199,190,195,175,102,172,243,242,273,186,260,207,289,217,323,196,186,199,137,151,186,201,195,191,248,259,211,174,171,107,252,143,159,174,138,149,148,155,250,105,113,103,151,130,172,146,209,385,280,351,256,393,266,250,246,318,536,283,250,459,779,965,465,191,250,303,246,174,57,60,132,87,142,84,54
Betula nana,TRSH,pollen,NISP,,,,,,,,,,,,,,,,,,,,,,,,,,,,,,,,,,,,,,,,,,,,,,,,,,,,,,,,,,,,,,,,,,,,,,,,,,7,5,17,75,61,67,52,66,86,53,11,11,22,34,70,30,15
Calluna vulgaris,TRSH,pollen,NISP,,18,17,16,27,46,54,34,39,48,45,32,32,25,20,26,18,28,16,12,9,2,7,13,4,10,6,5,7,10,8,8,13,10,11,9,4,7,16,19,15,20,14,19,11,5,1,3,3,4,3,4,1,7,5,1,1,1,5,2,4,2,1,12,1,5,1,1,1,3,3,8,4,7,,,1,1,,,1,,,,,,,1,,
Carpinus,TRSH,pollen,NISP,,5,4,5,7,9,8,8,8,23,37,39,30,38,45,34,44,43,35,60,47,36,30,38,28,50,51,42,26,44,27,18,31,21,17,15,11,18,16,10,15,20,15,15,3,15,3,4,1,,5,,1,,,1,3,3,,,1,,,,,,,,,,,,,,,,,,,,,,,,,,,,,
Cornus cf. C. suecica,TRSH,pollen,NISP,,,,,,,,,,,,,,,,,,,,,,,,,,,,,,,,,,,,,,,,,,,,,,,,,,,,,,,,,,,,,,,,,,,,,,,,,,,,,,,,,,,,,,,,,1,
Corylus,TRSH,pollen,NISP,,7,6,16,19,19,22,33,28,63,30,28,24,16,28,26,31,29,28,19,35,51,31,49,53,58,56,58,51,54,41,40,42,34,66,88,101,85,93,109,98,119,116,93,56,295,244,275,449,327,351,351,313,300,166,156,121,160,295,307,242,152,145,101,191,157,230,197,196,202,259,473,168,141,32,,,1,,1,2,5,,,,,,,1,
Empetrum,TRSH,pollen,NISP,,,,,,,,,,,,,,,1,,,,,,,,,,,,,,,,,,,,,,,,,,,,,,,,,,,,,,,,,,,,,,,,,,,,,,,,,,,,1,1,2,33,25,41,54,76,42,20,7,31,35,60,6,1
Ephedra distachya,TRSH,pollen,NISP,,,,,,,,,,,,,,,,,,,,,,,,,,,,,,,,,,,,,,,,,,,,,,,,,,,,,,,,,,,,,,,,,,,,,,,,,,,,,,,,,,1,,,,1,,,,
Ericaceae undiff.,TRSH,pollen,NISP,,,,,1,3,4,4,,2,5,2,,1,3,2,1,1,1,,,,,2,,,1,,,,,2,,1,1,,,,,2,2,2,2,,2,,,,,,,,,,,,,,2,,,,2,1,2,,2,,1,1,6,,7,1,4,,2,3,,2,,1,1,,,,1,,1,
Euonymus,TRSH,pollen,NISP,,,,,,,,,,,,,,,,,,,,,,,,1,,,,,,,,1,,,,,,,,,,,,,1,,,,,,,,,,,,,,,,,,,,,,,,,,,,,,,,,,,,,,,,,,,,,
Fagus,TRSH,pollen,NISP,,29,21,25,19,29,27,16,28,31,44,81,99,95,170,197,219,213,181,468,331,229,194,272,250,343,213,262,135,162,134,85,62,45,26,24,34,29,16,24,18,19,32,20,10,45,2,1,2,5,4,6,1,3,2,,2,1,2,1,,,1,,,,,,,,,,,,,,,,,,,,,,,,,,,
Frangula,TRSH,pollen,NISP,,,,,,,,,1,,,,,2,,4,2,1,,,,,,,,,,,1,,1,,,1,2,1,,,,,1,1,,,,2,1,,1,,,,1,3,1,,2,,1,,,,,1,,,,,,,,,,,,,,,,,,,,,,,,,,
Fraxinus,TRSH,pollen,NISP,,2,3,2,4,1,1,2,3,3,6,2,3,3,4,5,6,8,,13,11,5,7,4,9,4,2,3,4,5,,,6,1,5,6,15,6,9,13,7,4,10,5,8,39,62,23,17,23,25,30,19,22,23,32,34,32,31,20,8,21,21,19,9,1,,2,1,,3,2,,2,,,,,,,,,,,,,,,,
Hedera helix,TRSH,pollen,NISP,,,,,,,,,,,,,,,,,,,,,,,,,,1,,1,,,,,,,,,1,1,,,,,,,2,2,5,1,,,,,,1,6,6,1,2,,3,3,2,,,1,,2,,2,,,,,,,,,,,,,,,,,,,,,
Hippophaë,TRSH,pollen,NISP,,,,,,,,,,,,,,,,,,,,,1,,,,,,,,,,,,,,,1,,,,,,,,,,,,,,,,,1,,,,,,,,,,,,,,,,,,,,,,,,,,,,,,,,,,,,,
Ilex aquifolium,TRSH,pollen,NISP,,,,,,,,,,,,,,,,,,,,,,,,,,,,,,,,,,,,,,,1,,,,,,,,,,,,,,,,,,,,,,,,,,,,,,,,,,,,,,,,,,,,,,,,,,,
Juniperus,TRSH,pollen,NISP,,25,24,94,51,69,54,24,13,8,,1,,,,2,,,,3,,,1,1,2,,1,,2,,,1,,4,,,,1,1,1,1,,,,1,,,1,,,,,,1,,,,,,,,,,1,,,,,,,,,,,,4,11,136,177,241,292,193,257,183,91,280,201,374,43,9
Larix,TRSH,pollen,NISP,,,,,,,,,,,,,,,,,,,,,,,,,,,,,,,,,,,,,,,,,,,,,,,,,,,,,,,,,,,,,,,,,,,,,,,,,,,,,,,,1,,,,,,,1,,,
Lonicera periclymenum,TRSH,pollen,NISP,,,1,,,,,,,,,,,,,1,,,,,,,,,,,,,,,,,,1,,,,,,,,,,,,,,,,,,,,,,,,,,,,,,,,,,,,,,,,,,,,,,,,,,,,,,,,
Myrica gale,TRSH,pollen,NISP,,,,7,1,1,,3,1,14,,,1,1,2,,1,1,2,2,1,,,,,,,,,,,,,,,,,,,,,2,,,,,,,1,,1,2,,1,,,,,,,,,,,,,,,,,,,,,,,,,,,,,,,,,,,,
Picea,TRSH,pollen,NISP,,4,3,2,,2,1,1,1,4,1,2,2,2,1,1,1,3,1,1,1,2,1,2,,1,1,1,1,1,1,,,,,,1,2,1,4,2,2,2,3,,1,3,1,1,3,2,2,,3,,3,1,2,1,1,2,3,2,1,,,3,,,,,,,,,,,1,,,,2,1,,,,1,2,,
Pinus,TRSH,pollen,NISP,,377,264,245,279,201,170,154,165,247,155,212,205,153,262,252,264,286,255,231,331,369,227,211,170,194,180,225,166,249,210,240,339,359,347,323,306,246,185,235,232,256,241,242,143,206,189,101,110,104,94,183,119,179,94,110,117,161,312,148,195,215,255,325,540,415,455,401,331,448,577,1083,704,589,615,183,895,466,259,298,352,253,165,96,64,106,110,167,400,150
Populus,TRSH,pollen,NISP,,2,1,,,2,,3,4,5,3,6,4,6,5,2,3,5,3,2,4,4,6,1,2,5,3,2,1,4,9,,5,1,1,3,2,,1,2,,7,2,,1,2,4,2,1,1,4,3,1,2,4,2,9,2,5,4,5,13,14,5,11,8,7,1,4,6,7,28,18,24,29,36,63,7,1,,1,1,,,,,,4,,
Quercus,TRSH,pollen,NISP,,56,36,58,67,68,66,44,46,92,95,197,228,272,216,193,153,91,69,85,79,101,106,190,171,220,171,235,196,274,217,183,205,106,89,104,125,90,77,115,110,115,113,89,70,280,311,232,257,201,221,250,248,340,324,274,294,289,253,188,182,317,272,141,109,71,63,43,90,36,23,32,6,7,,,,,,,,1,,,,,,,,
Rhododendron subsect. Ledum,TRSH,pollen,NISP,,,,,,,,,,,,,,,1,2,,,,,,,,,,,,,,,,,,,,,,,,,,,,,,,,,,,,,,,,,,,,,,,,,,,,,1,,,,,1,,,,1,,,,,,,,,,,,
Ribes,TRSH,pollen,NISP,,,,,,,,,,,,,,,,,,,,,,,,,,,,,,,,,,,,,,,,,,,,,,,,,,,,,,,,,,,,,,,,,,,,,,,,,,,,,1,1,,,,1,1,,,,,1,,1
Rubiaceae,TRSH,pollen,NISP,,,1,,1,2,,,1,1,1,2,,,1,1,,1,1,,,,,,,,,,,,1,,,,,,,,,1,,2,2,1,1,3,,,,,,,,,,,,,,,,,,,,,,,,,,,1,,1,,1,6,4,1,4,2,3,,,1,2,2,2,
Rubus-type,TRSH,pollen,NISP,,,,,,,,,,,,,,1,1,,,,,,,,,,,1,,,,,,,,,,,,,,,,,,,,,,,,,,,,,,,,,,,,,,,,,,,,,,,,,,,,,,,,,,,,,,,,
Salix,TRSH,pollen,NISP,,9,7,3,3,10,5,10,11,5,8,6,12,12,8,23,15,34,7,6,1,1,2,,2,,3,1,1,2,1,2,2,,2,1,,2,1,5,2,,2,2,2,2,4,3,2,1,1,3,1,1,,,1,2,,2,1,,,,5,2,5,1,3,4,4,12,4,1,10,7,29,22,26,31,42,42,48,14,14,22,8,26,15,3
Salix polaris-type,TRSH,pollen,NISP,,,,,,,,,,,,,,,,,,,,,,,,,,,,,,,,,,,,,,,,,,,,,,,,,,,,,,,,,,,,,,,,,,,,,,,,,,,,,1,1,3,4,3,11,4,3,,1,13,1,,
Sambucus cf. S. racemosa,TRSH,pollen,NISP,,,,,,,,,,,,,,,,,,,,,,,,,,,,,,,,,,,,,,,,,,,,,,,,,,,,,,,,,,,,,,,,,,,,,,,,,,,,,,,,,,1,,,,,,,,
Sambucus nigra,TRSH,pollen,NISP,,2,2,,,1,1,,,,,1,,,,,,2,,,,,1,,1,,,,,,,2,,,,,,,,,2,,,,1,,1,1,2,,,,,,,,,,1,,,1,,,,,,1,,,,2,,1,,,,,,,,,,,,,,,,
Sorbus aucuparia,TRSH,pollen,NISP,,,,,,,,,,,,1,,,1,,1,1,,,,,,,,,,,,,,,,,,,,,,,,,,,,,,,2,1,,,,,,,,,,2,,,,,,,,,,,,,,,,,,,,,,,,,,,,,,
Taxus,TRSH,pollen,NISP,,,,,,,,,,,,,,,2,,,,,,,,,,1,,,,,,,,,,,,,,,1,1,1,1,,,1,,,1,,,,,,1,2,,,,,,,,,,,,,,,,,,,,,,,,,,,,,,,,,,
Tilia cordata,TRSH,pollen,NISP,,,1,,1,,1,,,1,,1,1,,2,,,,,,1,3,,1,,1,,1,,,4,1,3,4,7,15,12,10,18,9,11,15,13,8,10,33,56,49,44,29,47,77,54,82,63,59,48,72,87,88,50,38,39,36,30,11,7,11,10,2,1,,,,,,,,,,,,,,,,,,,
Tilia platyphyllos,TRSH,pollen,NISP,,,,,1,,,,,,,,,,,,,,1,,,,,,,2,,3,,,,,3,1,1,4,3,5,7,2,2,5,2,4,4,17,20,6,15,28,25,22,20,10,19,15,14,15,16,19,15,14,14,6,11,3,6,,4,1,,,,,,,,,,,,,,,,,,,,
Ulmus,TRSH,pollen,NISP,,3,1,1,,,2,2,1,6,9,8,11,3,5,6,6,1,5,3,3,1,4,10,6,6,1,7,3,2,6,2,,5,7,12,10,5,5,11,6,7,12,9,6,33,17,23,29,24,30,14,17,40,56,37,40,19,26,16,14,17,44,47,52,30,50,27,45,20,18,24,12,12,4,1,1,,,,,1,1,,1,,,,2,
Viburnum,TRSH,pollen,NISP,,,,,,,,,,,,,,,,1,,,,,,,,,1,,,,,,,,,,,,,,,,,,,,,,,,,,,,,,,,,,,,,,,,,,,,,,,,,,,,,,,,,,,,,,,,,
Viscum,TRSH,pollen,NISP,,,,,,,,,,,,,,,,,1,,,,,,,,,,,,,,,,,,,,,,,,,,,,,2,,1,1,1,,1,1,1,,1,,3,1,1,1,1,,,,1,3,,,1,,,,,,,,,,,,,,,,,,,,
Varia,UNID,pollen/spore,NISP,,7,10,11,5,11,8,4,1,3,9,6,3,1,4,1,2,4,1,,1,,1,3,,3,4,,2,1,4,,3,,2,3,1,,7,4,6,5,7,6,1,4,6,4,1,,,3,3,3,2,2,3,2,1,4,2,1,1,,2,1,,,1,1,,4,3,1,,,1,4,2,13,7,9,9,4,6,3,1,5,4,2
Agrostemma githago,UPHE,pollen,NISP,,1,1,,,,1,,1,,,,,,1,,,,,,,,,,,,,,,,,,,,,,,,,,,,,,,,,,,,,,,,,,,,,,,,,,,,,,,,,,,,,,,,,,,,,,,,,,,
Alchemilla-type,UPHE,pollen,NISP,,,,,,,,,,,,1,,,,,,,,,,,,,,,,,,,,,,,,,,,,,,,,,,,,,,,,,,,,,,,,,,,,,,,,,,,,,,,,,,,,,,,,,,,,,,
Allium vineale-type,UPHE,pollen,NISP,,,,,,,,,,,,,,,,,1,,,,,,,,,,,,,,,,,,,,,,,,,,,,,,,,,,,,,,,,,,,,,,,,,,,,,,,,,,,,,,,,,,,,,,,,,
Amaranthaceae,UPHE,pollen,NISP,,11,5,,2,2,,1,,1,3,,2,1,,,1,1,2,1,1,,1,2,1,2,1,1,,,1,,2,,2,,1,1,1,2,,1,6,4,1,1,,1,,,1,,,,,,,,1,,,,1,1,,,,,,,,,,,,,1,7,8,4,10,8,3,4,2,,,6,4,2
Anemone-type,UPHE,pollen,NISP,,,,,,,,,,,,,,,,1,,,,,,,,,,,,,,,,,,,,,,,,,,,,,,,,,,,,,,,,,,,,,,,,,,,,,,,,,,,,,,,,,,,,,,,,,,
Apiaceae,UPHE,pollen,NISP,,2,1,,1,2,8,4,4,10,4,2,2,1,3,6,6,9,4,2,2,,2,,,,2,,,,,,,,1,3,,2,2,,3,2,3,,2,,1,,,1,,,,1,1,,,1,,,1,2,,4,4,,1,,3,1,4,2,,,,1,3,2,3,1,11,2,3,2,2,,,5,1,
Armeria maritima subsp. elongata,UPHE,pollen,NISP,,,,,,1,,,,,,,,,,,,,,,,,,,,,,,,,,,,,,,,,,,,,,,,,,,,,,,,,,,,,,,,,,,,,,,,,,,,,,,,,,,,,,,,,,,,
Artemisia,UPHE,pollen,NISP,,14,18,7,4,9,6,16,17,28,17,10,15,6,16,9,3,12,7,4,3,4,10,8,5,5,2,7,4,3,1,2,6,10,3,7,5,9,6,10,20,8,9,12,7,4,4,3,7,2,3,,2,1,1,1,4,2,6,6,2,2,1,2,2,2,2,2,1,5,3,9,5,3,3,4,15,37,28,47,67,61,56,8,16,25,30,35,19,8
Asteroideae,UPHE,pollen,NISP,,4,2,2,4,2,6,1,3,10,5,9,4,2,11,8,14,12,3,,,,1,,,,1,,,1,,1,1,2,1,,1,,,2,,,4,1,1,,,,,,,,,,,,,1,,3,,,,,1,,,,,,,1,1,,1,,1,1,5,8,11,4,3,4,3,1,2,2,,3
Avena-type,UPHE,pollen,NISP,,8,6,8,6,5,11,1,6,9,4,2,5,5,,,1,,,,,,,,,,,,,,,,,,,,,,,,,,,,,,,,,,,,,,,,,,,,,,,,,,,,,,,,,,,,,,,,,,,,,,,,,
Bistorta officinalis,UPHE,pollen,NISP,,,,1,,,,,,,,,,,,,,,,,,,,,,,,,,,,,,,,,,,,,,,,,,,,,,,,,,,,,,,,,,,,,,,,,,,,,,,,,,,,,,,,,,,,,,
Boraginaceae,UPHE,pollen,NISP,,1,1,,,,,,,,,,,,,,,,,,,,,,,,,,,,,,,,,,,,,,,,,,,,,,,,,,,,,,,,,,,,,,,,,,,,,,,,,,,,,,,,,,,,,,1,
Brassicaceae,UPHE,pollen,NISP,,9,,6,6,10,6,5,1,4,5,3,2,4,13,8,13,12,2,,,,,,1,,1,,1,1,,,,,2,,,,,,,,,,,,,,,,,,,,,,,,,,,1,,,,,,,,,1,,,,,,,,,,,,1,,,,,1,,
Caltha-type,UPHE,pollen,NISP,,1,,,,,,,,,,1,1,1,,,,,,,,,,,,,,,,,,,,,,,,,,,,,,,,1,,1,,,3,,,,,,,,,1,,,,,,,,,2,,,,1,,,,,,,,,,1,,,,,,,
Calystegia sepium,UPHE,pollen,NISP,,1,,,,,,,,,,,,,,,,,,,,,,,,1,,,,,,,,,,,,,,,,,,,,,,,,,,,,,,,,,,,,,,,,,,,,,,,,,,,,,,,,,,,,,,,,
Campanula,UPHE,pollen,NISP,,,,,,,,,,,,1,,,,1,1,,1,,,,,,,,1,,,,,,,,,,,,,,,,,,,,,,,,,,,,,,,,,,,,,,,,,,,,,,,,,,,,,,,,,1,,,,,,
Cannabis,UPHE,pollen,NISP,,,,,,34,119,281,330,129,26,18,,,,,,,,,,,,,,,,,,,,,,,,,,,,,,,,,,,,,,,,,,,,,,,,,,,,,,,,,,,,,,,,,,,,,,,,,,,,,,
Caryophyllaceae,UPHE,pollen,NISP,,2,1,1,,3,1,1,1,,4,,1,,1,,,1,,,,,,,,,,,,,,,,,,,1,,,,,1,,,,,,,,,,,1,,,,,,,,,,,,,,,,,,,,,,,,,1,,7,4,3,5,,,1,10,4,1,1
Caryophyllaceae cf. Silene latifolia subsp. alba,UPHE,pollen,NISP,,,,1,2,,,,,,,,,1,,1,,,,,,,,,,,,,,,,,,,,,,,,,,,,,,,,,,,,,,,,,,,,,,,,,,,,,,,,,,,,,,,,,,,,,,,,,,
Centaurea cyanus,UPHE,pollen,NISP,,2,1,1,4,4,11,7,2,5,6,,,,,,,,,,,,,,,,,,,,,,,,,,,,,,,,,,,,,,,,,,,,,,,,,,,,,,,,,,,,,,,,,,,,,,,,,,,,,,,
Centaurea jacea-type,UPHE,pollen,NISP,,,,,,,,,,,,,,,,,,,,,,1,,,,,,,,,,,,,,1,,,,,,,,,,,,,,,,,,,,,,,,,,,,,,,,,,,,,,,,,,,,,,,,,,,,,,
Chamaenerion angustifolium,UPHE,pollen,NISP,,,,1,,,1,,,,,,,,,,,,,,,,,,,,,,,,,,,,,,,,,,,,,,,,,,,,,,,,,,,,,,,,,,,,,,,,,,,,,,,,,,,,,,,,,,,
Cichorioideae,UPHE,pollen,NISP,,20,7,17,21,14,18,9,4,4,6,8,2,1,6,4,1,2,4,,,,1,,,,,,,,1,,,,2,3,,1,,2,5,5,3,8,3,,,,,1,,1,,1,,,,,,,,,1,1,1,,,1,,,1,2,,1,,,,2,,,1,1,,3,,1,,1,1,1
Cirsium-type,UPHE,pollen,NISP,,1,,,,,1,,,,,,,,1,,,1,,,,,,,,,,,,,,,,,,,,,,,,1,,,,,,,,,,,,,1,,,,,,,,,,,,,,,,,,,,,,,,,,,1,,,,,,,,
Convolvulus,UPHE,pollen,NISP,,,2,2,,1,1,1,,,,,,,,,,,,,,,,,,,,,,,,,,,,,,,,,,,,,,,,,,,,,,,,,,,,,,,,,,,,,,,,,,,,,,,,,,,,,,,,,,
Cyperaceae,UPHE,pollen,NISP,,43,36,67,60,65,49,33,43,31,42,45,22,23,31,19,17,20,9,8,16,7,14,8,9,9,10,12,16,16,15,15,18,13,20,18,14,23,24,37,22,14,19,18,13,7,8,7,6,9,9,11,4,14,8,5,10,7,9,4,5,8,10,8,8,7,4,8,7,14,14,30,11,15,17,11,72,104,95,118,108,90,107,42,22,28,42,90,69,14
Delphinium-type,UPHE,pollen,NISP,,,,,,,,,,,,,,,,,,,,,,,,,,,,,,,,,,,,,,,,,,,,,,,,,,,,,,,,,,,,,,,,,,,,,,,,,,,,,,,,,1,,,,,,,,,
Dryas octopetala,UPHE,pollen,NISP,,,,,,,,,,,,,,,,,,,,,,,,,,,,,,,,,,,,,,,,,,,,,,,,,,,,,,,,,,,,,,,,,,,,,,,,,,,,,,1,3,,1,,,,,1,,4,,
Epilobium,UPHE,pollen,NISP,,,,,,,,,,,,,,,,,,,,,,,,,,,,,,,,,,,,,,,,,,,,,,,,,,,,,,,,,,,,,,,,,,,,,,,,,,,,,,,,,,,,,,,,2,1,
Epipactis palustris,UPHE,pollen,NISP,,,,,,,,,,,,,,,,,,,,,,,,,1,,,,,,,,,,,,,,,,,,,,,,,,,,,,,,,,,,,,,,,,,,,,,,,,,,,,,,,,,,,,,,,,,
Fabaceae,UPHE,pollen,NISP,,3,,,,1,1,,,1,1,2,,,,,,1,,,,,,,,,,1,1,,,,,,,,1,,,,,,,,,,,,,1,,,1,,,,,,,,,,1,,,,,,,,,,,1,,,1,,,3,,1,,2,,,,1,,
Fagopyrum,UPHE,pollen,NISP,,,1,,,,,,2,3,2,,,,,,,,,,,,,,,,,,,,,,,,,,,,,,,,,,,,,,,,,,,,,,,,,,,,,,,,,,,,,,,,,,,,,,,,,,,,,,,
Fallopia convolvulus-type,UPHE,pollen,NISP,,,,,1,,1,1,1,1,,,,,,,,,,,,,,,,,,,,,,,,,,,,,,,,2,,,,,,,,,,,,,,1,,,,,,,,,,,,,,,,,,,,,,,,,,,,,,,,,,
Filipendula,UPHE,pollen,NISP,,2,,,,1,,1,,3,4,1,2,1,2,3,,2,,,,1,1,2,,1,1,1,1,2,,2,1,2,3,1,3,1,,2,1,4,1,1,1,1,1,1,1,1,,,,5,,2,,1,,3,,,,,,,1,1,1,,4,4,6,3,8,5,27,5,,,1,1,2,,2,1,,1,1,
Gypsophila fastigiata,UPHE,pollen,NISP,,,,,,,,,,,,,,,,,,,,,,,,,,,,,,,,,,,,,,,,,,,,,,,,,,,,,,,,,,,,,,,,,,,,,,,,,,,,,,,,,,1,1,,,,,,,
Gypsophila muralis,UPHE,pollen,NISP,,,,,,,,,,,,,,,,,,,,,,,,,,,,,,,,,,,,,,,,,,,,,,,,,,,,,,,,,,,,,,,,,,,,,,,,,,,,,1,,,,,,,,,,,,2,
Helianthemum,UPHE,pollen,NISP,,,,,,,,,,,,,,,,,,,,,,,,,,,,,,,,,,,,,,,,,,,,,,,,,,,,,,,,,,,,,,,,,,,,,,,,,,,,,,,,,,,,,,,,,,1
Helianthemum canum-type,UPHE,pollen,NISP,,,,,,,,,,,,,,,,,,,,,,,,,,,,,,,,,,,,,,,,,,,,,,,,,,,,,,,,,,,,,,,,,,,,,,,,,,,,,,,1,,,,,,,,,,,
Helianthemum nummularium-type,UPHE,pollen,NISP,,,,,,,,,,,,,,,,,,,,,,,,,,,,,,,,,,,,,,,,,,,,,,,,,,,,,,,,,,,,,,,,,,,,,,,,,,,,,,,,,,1,1,1,,,,1,,
Helianthemum oelandicum subsp. alpestris-type,UPHE,pollen,NISP,,,,,,,,,,,,,,,,,,,,,,,,,,,,,,,,,,,,,,,,,,,,,,,,,,,,,,,,,,,,,,,,,,,,,,,,,,,,,,,,,,1,,,,,,,,
Helianthemum oelandicum-type,UPHE,pollen,NISP,,,,,,,,,,,,,,,,,,,,,,,,,,,,,,,,,,,,,,,,,,,,,,,,,,,,,,,,,,,,,,,,,,,,,,,,,,,,,,1,1,,,2,2,,,,2,,,
Hordeum-type,UPHE,pollen,NISP,,15,14,17,7,7,4,2,3,6,1,2,2,,,,1,,,,,,,2,,,,,,,,,,,,,,,,,,,,,,,,,,,,,,,,,,,,,,,,,,,,,,,,,,,,,,,,,,,,,,,,,,
Humulus/Cannabis,UPHE,pollen,NISP,,11,10,5,10,4,7,11,6,2,2,2,4,1,3,3,,3,2,,1,,,2,1,2,,2,,1,,2,4,1,2,,,3,2,2,6,2,5,2,,,,2,,1,,1,,1,,1,,3,3,,1,,1,1,1,2,1,,2,2,1,5,5,3,2,,,,,,,,,,,,,,2,
Hystrix,UPHE,pollen,NISP,,,,,,,,,,,,,,,,,,,,,,,,,,,,,,,,,,,,,,,,,,,,,,,,,,,,,,,,,,,,,,,,,,,,,,,,,,,,,,3,20,8,3,3,4,4,20,2,,1,1,1
Iris pseudacorus,UPHE,pollen,NISP,,,,,,,,,,,,,,,,,,,,,,,,,1,,,,,,,,,,,,,,,,,,,,,,,,,,,,,,,,,,,,,,,,,,,,,,,,,,,,,,,,,,,,,,,,,
Jasione,UPHE,pollen,NISP,,3,2,4,4,4,11,5,3,2,3,5,3,2,6,19,9,6,2,,,,,,,,,,,,,,,,1,,,1,,,,,,,,,,,,,,,,,,,,,,,,,1,,,,,,,,,,,,,,,,,,,,,,,,,,,
Knautia arvensis,UPHE,pollen,NISP,,,,,,,1,,,1,,,,,1,,,,,,,,,,,,,,,,,,,,,,,,,,,,,,,,,,,,,,,,,,,,,,,,,,,,,,,,,,,,,,,,,,,,,,,,,,,
Lathyrus-type,UPHE,pollen,NISP,,,,,,,,,,,,,,,,,,,,,,,,,,,,,,,,,,,,,,,,,,,,,,,,,,,,,,,,,,,,,,,,1,,,,,,,,,,,,1,,,,,,,,,,,,,,
Lotus-type,UPHE,pollen,NISP,,,,,1,2,1,1,,,,2,,1,3,9,1,1,1,1,,,,,,,,,,,,,,,,,,,,,,,,,,,,,,,,,,,,,,,,,,,,,,,,,,,,,,,,,,,,,,,,,1,,,,,
Lycopus-type,UPHE,pollen,NISP,,,,3,,2,2,,,,1,,2,1,4,2,,,,,,,,,,,,,,,,,,,,,,,,,,,,1,,,,,,,,,,,,,,,,,1,,,,,,,,,,,,,,,,,,,,,,,,,,,,,
Lythrum salicaria,UPHE,pollen,NISP,,,,,,,,1,,,,,2,,,1,1,,,,,,1,,,,,,,,,,,,,,,,,,,,,,,,,,,,,,,,1,,1,,,,,,,,,,,,1,,,,,,,,,,,,,,,,,,,,,
Melampyrum,UPHE,pollen,NISP,,3,,1,2,5,15,6,14,6,14,8,11,7,10,15,12,2,3,2,2,,1,2,6,1,1,6,3,12,8,4,3,3,4,4,4,,4,6,5,8,3,5,,3,2,,2,,2,1,,2,,,1,1,,2,2,,,,,,,,,1,1,,3,2,1,,,,,,,,,,,,,,,
Mentha-type,UPHE,pollen,NISP,,,,1,1,,,,,,,1,,,1,,,1,,,,,,,,,,1,,,,,,1,,1,,,,,,,,,,,,,,,,,,,,1,,,,,,,,,,,,,1,,,,,1,,,,,,,,,,,,,,,,
Mercurialis perennis,UPHE,pollen,NISP,,,,,,,,,,,,1,,,,1,,,,,,,,,1,,,,,,,,,,,,,,,,,,,,,,,,,,,,,,,,,,,,,,,,,,,,,,,,,,,,,,,,,,,,,,,,,
Myosotis,UPHE,pollen,NISP,,,,,,,,1,,,,,,,,,,,,,,,,,,,,,,,,,,,,,,,,,,,,,,,,,,,,,,,,,,,,,,,,,,,,,,,,,,,,,,,,,,,,,,,,,,
Onobrychis-type,UPHE,pollen,NISP,,,,,,,1,3,1,,,,,,3,3,1,3,,,,,,,,,,,,,,,,,,,,,,,,,,,,,,,,,,,,,,,,,,,,,,,,,,,,,,,,,,,,,,,,,,,,,,,,
Papaver argemone,UPHE,pollen,NISP,,1,,1,1,,1,1,,,,,,,,,,,,,,,,,,,,,,,,,,,,,,,,,,,,,,,,,,,,,,,,,,,,,,,,,,,,,,,,,,,,,,,,,,,,,,,,,,
Papaver rhoeas-type,UPHE,pollen,NISP,,1,1,2,1,1,3,,1,,2,,1,,,1,,,,,,,,,,,,,,,,,,,,,,,,,,,,,,,,,,,,,,,,,,,,,,,,,,,,,,,,1,,,,,,,,,1,,,,,,,,,
Parnassia palustris,UPHE,pollen,NISP,,1,,1,,,,,,,,,,,,,,,1,,,,,,,,,,,,,,,,,,,,,,,,,,,,,,,,,,,,,,,,,,,,,,,,,,,,,,,,,,,,,,,1,,,,,,,,
Pedicularis,UPHE,pollen,NISP,,,,,,,,,,1,,,,,1,,,,,,,,,,,,,,,,,,1,,,,,,,,,,,,,,,,,,,,,,,,,,,1,,1,,,,,,,,,,,,,,,,,,,,,,,,,,,,
Persicaria amphibia,UPHE,pollen,NISP,,,,1,,,,,,,,,,,,,,,,,,,,,,,,,,,,,,,,,,,,,,,,,,,,,,,,,,,,,,,,,,,,,,,,,,,,,,,,,,,,,,,,,,,,,,
Persicaria maculosa-type,UPHE,pollen,NISP,,,,,,,,,,,,,1,1,,,,,,,,,,,,,,,,,,,,,,,,,,,1,,,,,,,,,,,,,,,,,,,,,,,,,,,,,,,,,,,,,,,,,,,,,,,,,
Plantago lanceolata,UPHE,pollen,NISP,,48,34,43,37,33,20,18,32,45,41,27,23,22,26,25,24,21,18,,,3,4,9,7,10,10,7,3,7,6,4,7,8,6,11,7,7,5,8,32,12,12,8,7,6,,4,2,,1,1,,6,1,2,3,,2,4,3,,,,,,,,,,,,,,,,,,,,,,,,,,,,,
Plantago major,UPHE,pollen,NISP,,4,1,2,3,1,2,,,2,2,,,,2,,2,,,,,,,,,,,,,,,,,,1,,,,1,,,,,,,,1,,1,,,,,,,,,,,,,,,,,,,,,,,,,,,,,,,,,,,,,,,,1,
Plantago major/P. media,UPHE,pollen,NISP,,,,,,,,,,,,,,,,,,,,,,,,,,,,,,,,,,,,,,,,,,,,,,,,1,,,,,,,,,,,,,,1,,,1,,,,,,,,,,,,,,,,,,,1,,,,,,
Plantago maritima,UPHE,pollen,NISP,,,,,,,,1,,,,,,,,,,,,,,,,,,,,,,,,,,,,,,,,,,,,,,,,,,,,,,,,,,,,,,,,,,,,,,,,,,,,,,,,1,,2,,,,,,,,
Plantago media,UPHE,pollen,NISP,,2,2,,,1,,,,1,,,,,,,,,,,,,,,,,,,,,,,,,,,,,,,,1,,,,,,,,,,,,,,,,,,,,,1,,,,,,,,,,,,1,,,,,,,3,,,,,,,,
Poaceae,UPHE,pollen,NISP,,380,322,376,312,321,313,146,186,325,320,188,181,120,108,137,136,131,75,30,19,16,34,80,56,35,36,43,40,45,26,46,32,42,58,73,50,48,47,86,117,116,86,108,64,35,16,14,10,15,12,22,12,26,19,9,19,10,14,16,12,28,29,22,20,21,24,30,31,18,43,64,40,42,17,27,147,152,126,160,190,158,176,99,89,96,102,151,114,39
Poaceae (Cerealia-type),UPHE,pollen,NISP,,23,16,39,25,29,14,17,9,24,10,,1,2,1,1,2,3,1,,,1,,,,1,,,,,,1,,,,,,,1,,1,1,,,1,,,,,1,,,,,,,,,,,,,,,,,,,,,,,,,,,,,,,,,,,,,,,,
Polygala vulgaris,UPHE,pollen,NISP,,,1,,,,,,,,,,,,,,,,,,,,,,,,,,,,,,,,,,,,,,,,,,,,,,,,,,,,,,,,,,,,,,,,,,,,,,,,,,,,,,,,,,,,,,,
Polygonum aviculare,UPHE,pollen,NISP,,,1,6,3,4,1,1,1,3,,,,1,,,,1,,,,,,1,,,,,,,,,,,,,1,,,,,2,,,1,1,,,1,,,,,,,,,,,,,,,,,,,,,,,,,,,,,,,,,,,,,,,,,
Potentilla,UPHE,pollen,NISP,,,,,,1,2,3,,,,2,1,,,1,,,,,,,1,,,,,,,,,,,,1,,,,,,,,,,,,,,,,,,,,,,,,,,,,1,,,,,,,,,,,,1,,1,1,,,,,,,,1,,1,1,
Poterium sanguisorba,UPHE,pollen,NISP,,,,,,,,,,,,,,,,,,,,,,,,,,,,,,,,,,,,,,,,,,,,,,,,,,,,,,,,,,,,,,,,,,,,,,,,,,,,,,,,,,,1,,,,,,,
Primula,UPHE,pollen,NISP,,,,,,,,,,1,,,,,,,,,,,,,,,,,,,,,,,,,,,,,,,,,,,,,,,,,,,,,,,,,,,,,,,,,,,,,,,,,,,,,,,,,,,,,,,,
Primulaceae,UPHE,pollen,NISP,,,1,,,,,,1,,,,,,,1,,,,,,,,,,,,,,,,,,,,,,,,,,,,,,,,,,,1,,,,,,,,,,,,,,,,,,,,,,,,,,,,,,,,,,,,,,,
Prunella-type,UPHE,pollen,NISP,,,,,1,1,1,,1,,1,,,,,,,,,,,,,,,,,,,,,,,,,,,,,,,,,,,,,,,,,,,,,,,,,,,,,,,,,,,,,,,,,,,,,,,,,,,,,,,
Ranunculaceae,UPHE,pollen,NISP,,2,3,7,1,1,2,,,,,,,,,6,,1,,,,2,,,,,,2,1,1,2,1,,2,,1,,4,1,,1,,,,,2,1,1,,,,,,,1,1,,,1,,,,,,,,,,,,,,,,,,,1,,1,1,2,1,1,,,1,,,
Ranunculus,UPHE,pollen,NISP,,2,7,1,2,1,2,2,1,2,2,1,1,1,,4,1,1,,,,,,1,,,,1,,,,,,,,,,,,,,,,,,2,,,,,,,1,,,,,,1,,,,,,,,,1,,,2,,1,,,,,6,,,4,6,1,,,1,,,,
Ranunculus arvensis,UPHE,pollen,NISP,,,,1,,,,,,,,,,,,,,1,,,,,,,,,,,,,,,,,,,,,,,,,,,,,,,,,,,,,,,,,,,,,,,,,,,,,,,,,,,,,,,,,,,,,,,,
Rosaceae,UPHE,pollen,NISP,,2,1,,,3,1,1,3,6,1,1,4,3,9,19,11,12,,3,,2,3,3,2,3,2,2,,1,3,4,1,1,2,,8,3,,1,2,2,2,3,1,4,2,2,7,5,4,4,2,4,,1,1,1,2,1,,2,,1,,,,,,,,1,1,1,,,2,2,,1,1,2,5,4,2,2,3,3,1,
Rumex acetosa-type,UPHE,pollen,NISP,,13,15,22,34,34,48,10,22,41,48,22,16,15,14,20,13,9,6,,3,1,,,,,2,,1,,2,3,1,,6,4,1,3,1,2,2,3,5,2,,1,,,2,,,2,2,,,,,,,1,2,1,,,,,,,1,2,2,1,,,,1,1,,2,,1,5,,1,5,,,,,
Rumex acetosella-type,UPHE,pollen,NISP,,85,72,54,30,31,34,27,43,48,43,36,22,30,13,36,25,13,12,3,,1,3,17,9,5,6,11,2,8,2,3,9,7,11,8,7,11,10,11,39,35,14,24,15,14,1,2,1,8,1,,,2,1,1,1,,,,,,,,,,,,,,,1,,2,,,,,3,2,1,,,,,,,8,,
Rumex conglomeratus-type,UPHE,pollen,NISP,,,,,,,,,,,,1,,,,1,,,,,,,,,,,,,,,,,,,,,,,,,,,,,,,,,,,,,,,,,,,,,,,,,,,,,,,,,,,,1,,,,,,,,,,,,,,
Rumex subg. Acetosa,UPHE,pollen,NISP,,,1,3,,,,1,1,,,,,,,,,,,,,1,,2,,,,1,,1,,,,,,,,,,,,,,,,,,2,,,,,,,,,,,1,,,,,,,,,,,,,,,,,,,,,,,,,,,1,,,2,
Saxifraga cf. S. aizoides,UPHE,pollen,NISP,,,,,,,,,,,,,,,,,,,,,,,,,,,,,,,,,,,,,,,,,,,,,,,,,,,,,,,,,,,,,,,,,,,,,,,,,,,,,,,,,,,,,2,,,,,
Saxifraga oppositifolia-type,UPHE,pollen,NISP,,,,,,,,,,,,,,,,,,,,,,,,,,,,,,,,,,,,,,,,,,,,,,,,,,,,,,,,,,,,,,,,,,,,,,,,,,,,,,,,,,2,,,,,1,,,
Scleranthus annuus,UPHE,pollen,NISP,,,1,1,3,1,2,,,1,,,,,,,,,,,,,,,,,,,,,,,,,,,,,,,,,,,,1,,,,,,,,,,,,,,,,,,,,,,,,,,,,,,,,,,,,2,,,,,,,,
Scleranthus perennis,UPHE,pollen,NISP,,,3,6,1,2,4,,1,1,2,1,,,,1,3,,,,,,,,,,,,,,,,,,1,,,,,,,,,1,,,,,,,,,,,,,,,,,,,,,,,,,,,,,,,,,,,,,,,,,,,,,,
Scrophulariaceae,UPHE,pollen,NISP,,,,,,,,1,,,,,,,,,,,,,,,,,,,,,,,,,,,,,,,,,,,,,,,,,,,,,,,,,,,,,,,,,,,,,,,,,,,,,,,,,,,,,,,,,,
Secale,UPHE,pollen,NISP,,93,66,23,21,29,33,17,21,66,60,37,33,23,16,16,40,30,19,,2,,1,1,1,,,,,,,,,,,,,,,,,,,,,,,,,,,,,,,,,,,,,,,,,,,,,,,,,,,,,,,,,,,,,,,,,
Sedum,UPHE,pollen,NISP,,,,,,,,,,,,,,,,,,,,,,,,,,,,,,,,,,,,,,,,,,,,,,,,,,,,,,,,,,,,,,,,,,,,,1,,,,,,,,,,,,,,,,,,,,,
Senecio-type,UPHE,pollen,NISP,,,,,,1,,,,,,1,,,,,,,,,,,,,,,,,,,,,,,,,,,,,,,,,,,,,,,,,,,,,,,,,,,,,,,,,,,,,,,,,,,,,,,,,,,,,,
Solanum dulcamara,UPHE,pollen,NISP,,1,,,,,,,,,,,,,,,,,,,,,,,,,,,,,,,,,,,,,,,,,,,,,,,,,,,,,,,,,,,,,,,,,,,,,,,,,,,,,,,,,,,,,,,,
Spergula,UPHE,pollen,NISP,,,,,,,1,,2,,,,1,1,,,,,,,,,,,,,,,,,,,,,,,,,,,,,,,,,,,,,,,,,,,,,,,,,,,,,,,,,,,,,,,,,,,,4,,,,,,,,
Stachys-type,UPHE,pollen,NISP,,1,,,1,,,,,,,,,,,,1,1,,,,,,,,,,1,,,,,,1,,,,,,,,,,,,,,,,,,,,,,,,,,,,,,,,,,,,,,,,,,,,,,,,,,,,,,,,
Stellaria cf. S. media,UPHE,pollen,NISP,,,,1,,,,,,,,,,,,,,,,,,,,,,,,,,,,,,,,,,,,,,,,,,,,,,,,,,,,,,,,,,,,,,,,,,,,,,,,,,,,,,,,,,,,,,
Succisa pratensis,UPHE,pollen,NISP,,1,,,,,,,,,,,,,,,,,,,,,,,,,,,,,,,,,,,,,,,,,,,,,,,,,,,,,,,,,,,,,,,,,,,,,,,,,,,1,,,,,,,,,,,,,
Thalictrum,UPHE,pollen,NISP,,,,,,,1,2,1,2,1,1,1,,,1,,,,,,1,,,,,,,,,,,,,,1,,,1,,,,,,,1,,,,,,,,1,,,,,,,,,1,,1,1,,,1,,1,4,1,,,1,6,,4,3,4,2,2,,1,3,,6,2,
Trifolium pratense,UPHE,pollen,NISP,,,,,,,,,,1,,,,,,,,,,,,,,,,,,,,,,,,,,,,,,,,,,,,,,,,,,,,,,,,,,,,,,,,,,,,,,,,,,,,,,,,,,,,,,,,
Trifolium repens,UPHE,pollen,NISP,,,,,,,,,,,,,,1,,,,,,,,,,,,,,,,,,,,,,,,,,,,,,,,,,,,,,,,,,,,,,,,,,,,,,,,,,,,,,,,,,,,,,,,,,,,
Trifolium-type,UPHE,pollen,NISP,,,1,,,1,3,,,,,,,,1,2,6,4,,,,,,,,,,,,,,,,,,,,,,,,,,,,,,,,,,,,,,,,,,,,,,,,,,,,,,,,,,,,,,,,,,,,1,,,,
Triticum-type,UPHE,pollen,NISP,,97,47,73,64,45,66,15,29,23,34,9,8,15,16,10,14,9,1,,,,1,1,2,1,,,1,,,,1,,,1,,,,,,,,,,2,,,,,,,1,,,,,,,,,,,,,,,,,,,,,,,,,,,,,,,,,,,,,
Urtica,UPHE,pollen,NISP,,14,9,14,7,11,25,19,14,13,14,11,6,5,9,6,5,8,3,4,2,1,8,9,2,3,1,8,4,4,1,3,2,,4,5,3,4,3,1,9,11,10,5,4,4,4,2,1,1,1,3,,5,,1,,2,1,6,1,,1,3,1,1,,4,2,3,1,3,,2,3,7,16,3,,2,3,2,1,2,2,1,,4,3,
Valeriana officinalis,UPHE,pollen,NISP,,,,,,1,,,1,,,,,,,,,,,,,,,,,,,,,,,,,,,,,,,,,,,,,,,,,,,,,,,,,,,,,,,,,,,,,,,,,,,,,,,,,,,,,,,,1,
Vicia-type,UPHE,pollen,NISP,,,,,,,,1,,,,1,,,,,,,,,,,,,,,,,,,,,,,,,,,,,,,,,,,,,,,,,,,,,,,,,1,,,,,,,,,,,,,,,,,,,,,,,,,,,,,
Viola arvensis-type,UPHE,pollen,NISP,,,,,,,,,,,,,,,,,,,,,,,,,,,,,,,,,,,,,,,,,,,,,,,,,,,,,,,,,,1,,,,,,,,,,,,1,,,,,,,,,,,,,,,,,,,,
Xanthium,UPHE,pollen,NISP,,,,,,,,,,,,,,,,,,,,,,,,,,,,,,,,,,,,,,,,,,,,,,,,,,,,,,,,,,,,,,,,,,,,,,,,,,,,,,,,,1,,,,,,,,,
Zea mays,UPHE,pollen,NISP,,1,,,,,,,,,,,,,,,,,,,,,,,,,,,,,,,,,,,,,,,,,,,,,,,,,,,,,,,,,,,,,,,,,,,,,,,,,,,,,,,,,,,,,,,,
cf. Herniaria,UPHE,pollen,NISP,,,,,,1,,,,,,,,,,,,,,,,,,,,,,,,,,,,,,,,,,,,,,,,,,,,,,,,,,,,,,,,,,,,,,,,,,,,,,,,,,,,,,,,,,,,
cf. Littorella,UPHE,pollen,NISP,,1,,,,,1,3,,3,,1,,,,,,,,,,,,,,,,,,,,,,,,,,,,,,,,,,,,,,,,,,,,,,,,,,,,,,,,,,,,,,,,,,,,,,,,,,,,,,
cf. Lobelia,UPHE,pollen,NISP,,,,,,,,,,,,1,1,,,,,,1,,,,,2,,,,,,,,,,,,,,,,,,,,,,,,,,,,,,,,,,,,,,,,,,,,,,,,,,,,,,,,,,,,,,,,,,
cf. Montia,UPHE,pollen,NISP,,,,1,,,,,,,,,,,,,,,,,,,,,,,,,,,,,,,,,,,,,,,,,,,,,,,,,,,,,,,,,,,,,,,,,,,,,,,,,,,,,,,,,,,,,,
cf. Sagina,UPHE,pollen,NISP,,,,,,,,,,,,,,,,,,,,,,,,,,,,,,,,,,,,,,,,,,,,,,,,,,,,,,,,,,,,,,,,,,,,,,,,,,,,,,,,,,,2,,,,,,,
Botrychium,VACR,spore,NISP,,,,,,,,1,,,,,,1,,,,,,,,,,,,,,,,,,,,,,,,,,,,,,,,,,,,,,,,,,,,,,,,,,,,,,,,,,,,,,,,1,2,,2,1,1,,,,1,,1,1
Diphasiastrum tristachyum,VACR,spore,NISP,,2,,,,1,,,,,,,,,,,1,,1,,,,,,,,,1,,,,,,,,,,,,,,,,,,,,,,,,,,,,,,,,,,,,,,,,,,,,,,,,,1,,,,,,,,,,,,,
Equisetum,VACR,spore,NISP,,,,,1,,,3,,1,2,,,1,1,4,,1,1,,,,,,,,,,,,,,1,,,,,1,,,,,,,,,,,,,,,,,,,,,,,,,,,,,1,,,1,,,,,3,,2,3,2,5,3,,6,1,1,3,,6,4,
Lycopodiella inundata,VACR,spore,NISP,,2,,,,,,,,,,,,,,,,,,,,,,,,,,,,,,,,,,,,,,,,,,,,,,,,,,,,,,,,,,,,,,,,,,,,,,,,,,,,,,,,,,,,,,,,
Lycopodium annotinum,VACR,spore,NISP,,,,,,1,,,,,,,,,,,,,,,,,,,,,,,,,,,1,,,,,,,,,,,,,,,,,,,,,,,,,,,,,,,,,,,,,,,,,,1,1,,,,,,,,,,,1,,,
Polypodiaceae,VACR,spore,NISP,,6,7,16,21,37,45,28,28,36,24,9,10,15,14,7,7,12,3,2,,1,1,,4,5,4,4,4,4,5,3,6,7,3,8,8,2,9,9,6,12,11,7,5,7,8,5,1,9,6,3,4,6,6,7,4,4,6,12,6,6,10,6,8,16,7,14,7,5,10,20,12,4,11,11,6,4,1,2,1,,,4,1,,3,,3,1
Polypodium vulgare,VACR,spore,NISP,,,,,,,,,,,,,,,,,,,,,,,,,,,,,,,,,,,1,,,,,,,,,,,,,,,,,,,,1,,,,,,,,,,,,,,,,,,,,,,,,,,,1,,,,,,,,
Pteridium aquilinum,VACR,spore,NISP,,3,2,3,2,6,13,7,7,15,23,20,10,1,14,5,11,14,7,8,,4,2,2,2,1,6,4,1,1,1,,2,7,1,7,4,3,2,7,9,10,13,16,5,11,8,3,10,5,9,18,5,12,8,6,7,5,4,15,8,24,33,24,24,8,11,11,18,25,22,28,5,1,,,1,,,,,,,,,,,,,
Selaginella selaginoides,VACR,spore,NISP,,,,,,,,,,,,,,,,,,,,,,,,,,,,,,,,,,,,,,,,,,,,,,,,,,,,,,,,,,,,,,,,,,,,,,,,,,,,,,,,1,1,,,,,,,,1,
AnalysisUnitName,,,,,,,,,,,,,,,,,,,,,,,,,,,,,,,,,,,,,,,,,,,,,,,,,,,,,,,,,,,,,,,,,,,,,,,,,,,,,,,,,,,,,,,,,,,,,
Depth,,,,,802,807,812,817,822,827,832,837,842,847,852,857,862,867,872,877,882,887,892,897,900,902,904,906,908,910,912,914,916,918,920,922,924,926,928,930,932,934,936,938,940,942,944,946,948,949,950,952,954,956,958,960,962,964,966,968,970,972,974,976,978,980,982,984,986,988,990,992,994,996,998,1000,1006,1008,1012,1014,1016,1018,1020,1022,1024,1026,1028,1030,1033,1035,1037,1039,1042
Thickness,,,,,,,,,,,,,,,,,,,,,,,,,,,,,,,,,,,,,,,,,,,,,,,,,,,,,,,,,,,,,,,,,,,,,,,,,,,,,,,,,,,,,,,,,,,,,
Sample Name,,,,,,,,,,,,,,,,,,,,,,,,,,,,,,,,,,,,,,,,,,,,,,,,,,,,,,,,,,,,,,,,,,,,,,,,,,,,,,,,,,,,,,,,,,,,,
Sample ID,,,,,227212,227213,227214,227215,227216,227217,227218,227219,227220,227221,227222,227223,227224,227225,227226,227227,227228,227229,227230,227231,227232,227233,227234,227235,227236,227237,227238,227239,227240,227241,227242,227243,227244,227245,227246,227247,227248,227249,227250,227251,227252,227253,227254,227255,227256,227257,227258,227259,227260,227261,227262,227263,227264,227265,227266,227267,227268,227269,227270,227271,227272,227273,227274,227275,227276,227277,227278,227279,227280,227281,227282,227283,227284,227285,227286,227287,227288,227289,227290,227291,227292,227293,227294,227295,227296,227297,227298,227299,227300
Total pollen sum,,,,,1627,1242,1414,1286,1359,1451,1171,1340,1787,1485,1480,1526,1367,1481,1533,1460,1398,1082,1307,1255,1229,1134,1541,1204,1499,1164,1522,1040,1403,1063,1003,1162,949,973,1089,1075,958,904,1192,1257,1259,1114,1063,671,1554,1342,1076,1374,1082,1177,1393,1187,1555,1071,997,997,1155,1450,1256,1077,1225,1446,1157,1542,1168,1457,1147,1176,1089,1351,2366,1291,1123,1214,1087,2343,1538,1054,1301,1552,1305,1138,569,425,765,687,1184,817,306
Betula %,,,,,7,8,4,5,7,7,7,9,12,11,13,16,17,11,13,13,14,16,8,14,20,21,18,15,17,18,19,21,23,18,19,17,14,16,17,19,20,21,21,21,17,16,16,16,16,11,15,13,13,13,11,13,16,10,11,10,13,9,14,14,17,27,24,23,22,27,23,21,23,24,23,22,22,38,72,41,30,18,19,20,19,15,10,14,17,13,12,10,18