"name","group","element","units","context","S349158","S349159","S349160","S349161","S349162","S349163","S349164","S349165","S349166","S349167","S349168","S349169","S349170","S349171","S349172","S349173","S349174","S349175","S349176","S349177","S349178","S349179","S349180","S349181","S349182","S349183","S349184","S349185","S349186","S349187","S349188","S349189","S349190","S349191","S349192","S349193","S349194","S349195","S349196","S349197","S349198","S349199","S349200","S349201","S349202","S349203","S349204","S349205","S349206","S349207","S349208","S349209","S349210","S349211","S349212","S349213","S349214","S349215","S349216","S349217","S349218","S349219","S349220","S349221","S349222","S349223","S349224","S349225","S349226","S349227","S349228","S349229","S349230"
AnalysisUnitName,,,,,,,,,,,,,,,,,,,,,,,,,,,,,,,,,,,,,,,,,,,,,,,,,,,,,,,,,,,,,,,,,,,,,,,,,,,,,
Depth,,,,,8,16,24,32,40,48,56,64,72,80,88,96,112,120,128,136,144,152,160,168,176,184,192,200,208,216,224,232,240,248,256,264,272,280,288,296,300,312,316,320,324,328,332,336,340,344,348,352,356,360,364,368,372,376,380,384,388,392,396,400,404,408,412,420,424,428,432,436,440,448,456,464,472
Thickness,,,,,,,,,,,,,,,,,,,,,,,,,,,,,,,,,,,,,,,,,,,,,,,,,,,,,,,,,,,,,,,,,,,,,,,,,,,,,
Sample Name,,,,,,,,,,,,,,,,,,,,,,,,,,,,,,,,,,,,,,,,,,,,,,,,,,,,,,,,,,,,,,,,,,,,,,,,,,,,,
Sample ID,,,,,349158,349159,349160,349161,349162,349163,349164,349165,349166,349167,349168,349169,349170,349171,349172,349173,349174,349175,349176,349177,349178,349179,349180,349181,349182,349183,349184,349185,349186,349187,349188,349189,349190,349191,349192,349193,349194,349195,349196,349197,349198,349199,349200,349201,349202,349203,349204,349205,349206,349207,349208,349209,349210,349211,349212,349213,349214,349215,349216,349217,349218,349219,349220,349221,349222,349223,349224,349225,349226,349227,349228,349229,349230
Colombaroli et al. (2007),Calendar years BP,,,,--/17.90476/--,--/89.80952/--,--/161.7143/--,--/233.619/--,--/305.5238/--,--/377.4286/--,--/449.3333/--,--/521.2381/--,--/593.1429/--,--/665.0476/--,--/736.9524/--,--/808.8571/--,--/952.6667/--,--/1024.571/--,--/1096.476/--,--/1168.381/--,--/1240.286/--,--/1312.19/--,--/1384.095/--,--/1456/--,--/1527.905/--,--/1599.81/--,--/1671.714/--,--/1743.619/--,--/1815.524/--,--/1887.429/--,--/1959.333/--,--/2031.238/--,--/2103.143/--,--/2175.048/--,--/2333.609/--,--/2578.826/--,--/2824.043/--,--/3069.261/--,--/3314.478/--,--/3559.696/--,--/3682.304/--,--/4050.13/--,--/4172.739/--,--/4295.348/--,--/4417.957/--,--/4540.565/--,--/4663.174/--,--/4785.783/--,--/4908.391/--,--/5031/--,--/5101.25/--,--/5171.5/--,--/5241.75/--,--/5312/--,--/5382.25/--,--/5452.5/--,--/5522.75/--,--/5593/--,--/5647.783/--,--/5702.565/--,--/5757.348/--,--/5812.13/--,--/5866.913/--,--/5917.579/--,--/5955.895/--,--/5994.21/--,--/6032.526/--,--/6121.8/--,--/6185.4/--,--/6249/--,--/6311.968/--,--/6374.936/--,--/6437.903/--,--/6563.839/--,--/6689.774/--,--/6815.709/--,--/6941.645/--
Abies,TRSH,pollen,NISP,,,,1,1,5,7,4,2,,1,,,2,1,2,,2,5,1,6,5,8,3,3,2,4,5,5,2,3,6,2,7,12,7,12,11,14,13,7,19,28,19,10,7,10,9,8,4,6,18,14,12,9,31,25,22,17,12,23,41,24,79,43,80,80,81,72,55,32,11,2,3
Acer,TRSH,pollen,NISP,,,,,,,,,,,,,,,,1,,,,,,,,,,,,,,,,,1,,,,,,,,2,,,1,,,,1,1,,2,,2,,,,3,,,,,,,,,1,,1,1,2,,,,
Achillea-type,UPHE,pollen,NISP,,,,,1,,2,1,2,,,,,2,,,,,,,,,,,,,,,,,,,,,,,1,,,,,,,,,,,,,,,,,,,,,,1,,,,,1,,,,,,1,1,,,
Alisma-type,AQVP,pollen,NISP,,1,,2,,2,1,,1,,,,,2,,,,,,1,,,,,,,,,,,,,,,,,,1,,,,,,,,,,,,,,,,,,,,,,,,,,,,,,,,,,,,
Alnus,TRSH,pollen,NISP,,37,35,35,17,44,52,82,63,72,67,172,131,117,78,49,52,64,46,64,62,76,78,114,91,135,189,117,122,146,160,144,111,65,62,47,43,44,61,50,59,64,63,67,86,94,92,100,82,155,128,86,53,37,52,71,97,102,54,36,69,76,68,47,65,30,69,62,56,60,18,31,28,24
Amaranthaceae,UPHE,pollen,NISP,,6,6,12,2,1,3,3,2,2,3,1,1,2,,1,4,3,2,3,1,3,6,2,5,2,3,4,5,1,,3,6,1,2,1,3,2,3,6,5,4,2,7,6,5,2,9,93,112,109,173,123,15,5,11,24,16,2,1,13,15,17,5,1,11,25,26,41,14,4,8,,
Apiaceae undiff.,UPHE,pollen,NISP,,,,,2,,,,,,,1,1,,1,2,,,,,1,,2,,,1,,,1,,,,,,,,,,,,,,1,,,,,,2,,,,,,,,,,,,1,,,,,,,,,,,5,,
Apium-type,UPHE,pollen,NISP,,,1,,,,,,,,1,3,2,1,,3,,,1,1,1,1,2,2,1,,1,,2,1,1,2,2,1,,1,1,,,1,,,,2,,,2,4,2,5,5,1,3,7,3,7,4,10,,13,23,1,1,11,12,8,1,1,,,,,2,
Arbutus unedo,TRSH,pollen,NISP,,,,,,,,,,,,,,,,,,1,,,,,,,,,,,,,,,,,,,,,,,,,,,,,,1,,,,1,,,,,,1,,,,,,,,,,,,,,,,
Artemisia,UPHE,pollen,NISP,,8,8,6,7,11,7,7,3,5,8,5,9,5,10,10,9,6,7,7,6,5,2,2,2,2,2,6,5,,6,5,1,5,7,7,8,,,5,5,2,1,2,,2,2,1,1,3,,2,2,2,2,3,1,,,2,2,3,,2,3,2,1,2,2,1,,1,,
Aster-type,UPHE,pollen,NISP,,1,,,,,,,1,1,2,2,,4,1,2,1,1,1,3,1,4,,2,,,,,3,,2,2,1,,1,2,1,,4,,1,3,1,2,2,,1,4,3,7,9,12,4,4,4,,1,2,,2,2,2,,1,1,1,3,2,14,2,3,10,3,8
Asteroideae,UPHE,pollen,NISP,,,,,,,1,,,,,3,,,,,,,,,,,1,,,,1,,,,,,,,,1,,,,,,,,,,,,,,,,,,,,,,,,,2,,,,,2,,,,,,,,
Betula,TRSH,pollen,NISP,,,3,,1,,1,1,1,2,2,1,,,2,3,3,3,2,2,3,3,3,3,1,3,,,,,,,,1,,,,,,5,6,5,3,3,2,1,2,7,,,,1,,3,,,,1,1,1,1,2,,,3,,1,,3,,,,,
Brassicaceae,UPHE,pollen,NISP,,,,,,,,,3,,,1,,,,,,1,,,1,1,1,,,1,1,1,,,,2,1,,,,,1,2,,,,2,,4,,,,,,,,,,1,,,,,,,,,,,,,,,,,,,
Buxus,TRSH,pollen,NISP,,,,,,,,2,,,1,,1,,,2,,1,1,,,1,,1,,,,1,,1,,,,,,,1,,,,1,,,,,,,,,,,,,,,,,,,,,,,,,,,,,,,,,
Calluna,TRSH,pollen,NISP,,,,2,3,3,1,4,1,2,,,,3,3,5,,7,,,,,,,,,,,,,,,,,,,,,,1,,2,,2,,1,,,,2,,1,,,,3,,,,1,,1,,5,3,,1,,2,,,,,
Caltha palustris,AQVP,pollen,NISP,,,1,,,,,,,2,,,,,,,,,,,,,,,,,,,,,,,,,,,,,,,,,,,,,,,,,,,,,,,,,,,,,,,,,,,,,,,,
Calystegia,UPHE,pollen,NISP,,,,,,,,,,,,,,,,,1,,2,,,,,,,,,,,,,,,,,,,,,,,,,,,,,,,,,,,,,,,1,,,,,,,,2,,,,,,,,
Cannabis,UPHE,pollen,NISP,,103,207,307,52,101,39,9,3,2,1,2,3,2,1,2,1,4,3,,1,1,,2,4,,,,,,,,,,1,,1,,,,,,,,,,,,,,,,1,1,,,,,,,,,,,,,1,,,,,,,
Carpinus,TRSH,pollen,NISP,,2,1,,1,,,3,,,1,,4,5,2,1,2,4,1,2,3,5,5,17,13,12,12,18,22,26,7,21,18,35,14,23,27,28,25,21,25,18,16,19,17,13,10,16,3,,,,,,,,1,1,,,,1,,2,1,1,,,2,2,,,,
Caryophyllaceae,UPHE,pollen,NISP,,,,,,,,,,1,,,1,,,,,,,,,,,,,,,,,,,,,,,,,,,,,,1,,1,,,,,,,,,,,,,,,,,,,,,,,,,,,,,
Castanea sativa,TRSH,pollen,NISP,,3,2,1,3,5,5,10,9,12,3,1,2,4,17,7,10,8,17,10,9,11,10,15,13,22,,2,,,,,,,,,,,,,,,,,,,,,,,,,,,,,,,,,,,,,,,,,,,,,,
Centaurea solstitialis-type,UPHE,pollen,NISP,,2,,1,,,,1,,,,,,,,1,1,,,,,,,,,,,,,,,,,,,,,,,,,,,,,,,,,,,,,,,,,,,,,,,,,,,,,,,,,
Charcoal,CHAR,>10 µm,particles/cm^2/yr,,10099.08,4823.959,5252.77,905.2418,2036.794,2085.636,2288.249,9225.457,14257.53,24050.57,16369.76,19010.04,34851.73,48053.14,51159.34,48053.13,33267.58,26930.89,36573.64,24950.66,26930.87,19010.04,14645.49,16369.75,15049.6,14257.52,34851.75,12220.74,14645.48,12242.36,3285.733,2588.061,2588.061,3101.819,1260.851,393.0585,2531.983,2477.462,1924.458,6803.912,3251.663,11878.54,5941.02,9755.006,3175.518,8353.274,12769.2,12308.54,20731.84,41790.09,24592.52,46212.33,23170.17,65594.61,15227.77,35867.97,20873,13296.54,12191.21,60166.91,13378.13,76619.7,15113.5,23471.32,5979.708,5014.208,9346.553,0,65124.36,65124.36,74815.63,16668.77,3122.009
Charcoal,CHAR,>10 µm,particles/ml,,90771.5,43358.2,47212.4,8136.4,18306.9,18745.9,20567,82919.3,128148,216168.8,147132.9,170864,313250.7,431906.2,459825.2,431906.2,299012,242057.3,328727.5,224259,242057.3,170864,131635,147132.9,135267.3,128148,313250.7,109841.1,131635,176340.4,82919.3,79329.7,79329.7,95077.5,38647.8,12048.1,77610.8,75939.6,58988.8,208554.6,99670.7,364103,182105.1,299012,97336.5,201375.4,224259,216168.8,364103,733938.5,431906.2,811604,406926.1,1025184,208554.6,491234,285868.6,182105.1,160693.5,669217.3,128148,733938.5,160693.5,299012,95077.5,79329.7,147132.9,0,1025184,1025184,1177741,262398.3,49146.4
Cichorioideae,UPHE,pollen,NISP,,,,2,,,,1,,1,1,2,,1,1,,1,,2,,,,,,,,,,,,2,,1,,,,,,2,,,,,,,,,,,2,,,,,,,,,,,1,,,,,,1,,,,,,,
Cistus salviifolius,UPHE,pollen,NISP,,,,1,,,,,,,,,,,,,,,,,,,,,,,7,,,,,,,,,1,,,1,,1,,,,,,,1,,,,,,,,,,,,,,,,,,,,,,,,,,
Cornus sanguinea,TRSH,pollen,NISP,,,,,,,,,,1,,,,,,,,,,,,,,,,,,,,,,,,,,,,,,,,,,,,,,,,,,,,,,,,,,,,,,,,,,,,,,,,
Corylus,TRSH,pollen,NISP,,6,3,2,1,3,2,1,8,4,5,3,6,11,19,10,9,8,1,12,4,9,10,10,15,14,8,8,16,12,19,19,20,32,28,34,23,21,20,18,18,18,27,26,22,33,25,28,14,8,16,13,25,8,18,24,21,35,16,19,39,55,80,42,38,25,64,48,37,50,19,18,2,4
Cyperaceae,UPHE,pollen,NISP,,22,18,30,14,12,25,22,32,38,40,45,43,32,49,52,49,57,41,41,47,37,50,14,17,14,21,16,10,16,16,11,9,4,15,8,4,10,9,9,8,4,11,15,4,13,4,22,26,13,37,28,44,85,120,102,33,30,320,261,42,6,90,34,102,28,9,5,13,23,142,62,12,4
Daphne,TRSH,pollen,NISP,,,,,,,,,,,,,,,,,,,,,,,,,,,,,,,,,1,,,,,,,1,,,,,,,,,,,,,,,,,,,,,,,,,,,,,,,,,,
Drosera-type,AQVP,pollen,NISP,,,,,,,,,,,,,,,,,,,1,,,,,,,,,,,,,,,,,,,,,,,,,,,,,,,,,,,,,,,,,,,,,,,,,,,,,,,
Ephedra,TRSH,pollen,NISP,,,,,,,,,,,,,,,,,,,,,,,,,,,,,,,,,,,,,,,,,,,,,,1,,,,,,,,1,,,,,,,,,,1,,,1,,,,,,,
Erica-type,TRSH,pollen,NISP,,22,20,7,36,32,43,34,46,45,44,30,42,26,55,34,32,20,24,15,29,16,21,10,22,22,17,17,21,17,18,10,10,19,21,22,17,17,16,13,14,18,20,11,7,9,7,3,8,12,6,6,7,4,5,7,16,10,9,13,31,37,22,23,21,8,8,4,12,16,18,6,2,2
Erythrina-type,TRSH,pollen,NISP,,1,1,,,,,,,,,,,,,,,,,,,,,,,,,,,,,,,,,,,,,,,,,,,,,,,,,,,,,,,,,,,,,,,,,,,,,,,
Euphorbia,UPHE,pollen,NISP,,,,,,,,,,,,,,,,,,,,,,,,,,,,,,,,,,,,,,,,,,,,,2,,,,,,,,,,,,,,,,,,,,,,,,,,,,,
Fagus,TRSH,pollen,NISP,,4,1,2,5,3,6,8,8,4,7,4,7,13,14,12,17,17,13,18,12,25,20,31,27,26,23,51,39,34,16,16,42,62,42,67,49,33,42,35,52,45,52,26,25,28,36,19,2,1,2,,1,1,3,2,7,2,3,3,7,7,10,3,1,2,7,4,5,7,2,2,,
Falcaria-type,UPHE,pollen,NISP,,,,,,,,,1,,,,,,,,,,,,3,,,,,,,,,,,,,,,,,,,,,,,,,,,,,,,,,,,,,,,,,,,,,,,,,,,,,
Frangula,TRSH,pollen,NISP,,1,,,,,,,,,,,2,,,,,1,2,1,1,2,,,2,1,1,,2,2,,,,,,1,,,,1,,1,1,1,,,,,,,,,,,,,4,,,,,,,,,,,,,,,,,
Fraxinus excelsior-type,TRSH,pollen,NISP,,,1,1,,1,,,2,2,5,3,2,4,1,3,5,1,4,2,3,3,4,3,8,6,8,5,3,1,3,4,3,3,2,1,,4,2,3,,1,5,3,3,4,8,2,1,2,7,,5,5,8,6,6,5,10,3,18,2,6,2,4,4,5,9,5,7,6,2,,
Fraxinus ornus,TRSH,pollen,NISP,,,,,,,,1,,,,,,,3,1,,,,,,,,1,,,,,,,,,,1,,,,,,,,2,,1,1,,,3,,1,,1,,,,,,,,,,,,,,1,,3,,,,,,
Galium-type,UPHE,pollen,NISP,,,,,,,,,,,,,,,,,,,,,,,,,,,,,,,,,,,,,,,,,,,,,,,,,,,,,1,,,,,,,,,,,,,,,,,,,,,
Gentiana,UPHE,pollen,NISP,,,,,,,,,,,,,1,,,,,,,,,,,,,,,,,,,,,,,,,,,,,,,,,,,,,,,,,,,,,,,,,,,,,,,,,,,,,
Geranium,UPHE,pollen,NISP,,,,,,,,,,,,,,,,,,,,,,1,,,,1,,,,,,,,,,,,,,,,,,,,,,,,,,,,,,,,,,,,,,,,1,,,,,,,,
Hedera helix,TRSH,pollen,NISP,,,1,,,,,,,1,,,,,1,1,,,,,,,,,,,,,,1,,,,,1,,,,,,,1,1,,,,,1,,,,,,,,1,,,,,,2,,,,,,,1,,,,,
Humulus,UPHE,pollen,NISP,,,,,,2,3,7,8,2,3,1,,,,,2,1,,,,,,,,,,,,2,1,1,,1,1,2,,,,1,,,,,,,,,,,,1,,,,,,,,,1,1,,,,,,,,,,,,
Hydrocotyle,AQVP,pollen,NISP,,,,,,,,,,,,1,,,1,,1,,,,,,,,,,,,,,,,,,,,,,,,,,,1,,,,,,,,,,,,,,,,,,,,,,,,,,,,,,
Hypericum,UPHE,pollen,NISP,,,,,,,,,,,,,,,,,,,,,,,,,,,,,,,,,,,,,,,,,,,,,,,,,1,,,,,2,1,,1,,,,,,,,,,,,,,,,,
Ilex aquifolium,TRSH,pollen,NISP,,,,,,,,,,,,1,,,,,,,,,,,,,,,,,,,,,,,,,,,,,,,,,,,,,,,,,,,,,,,,,,,,,,,,,,,,,,
Juglans,TRSH,pollen,NISP,,,,,2,4,,1,4,2,2,1,2,,3,3,2,2,2,1,,1,1,2,4,4,3,5,,,,,,,,,,,,,,,,,,,,1,,,,,,,,,,,,,,,,,,,,,,,,,,
Juniperus,TRSH,pollen,NISP,,19,11,5,11,33,17,27,40,14,12,7,8,10,9,2,4,1,2,1,4,9,5,1,3,4,7,1,2,7,5,1,1,3,,1,3,,3,,1,,,1,1,2,,4,,1,,2,,4,2,3,,2,,2,,,,2,3,,1,,3,,,,,12
Ligustrum,TRSH,pollen,NISP,,,,,,,,,,,,,,,,,,,,,,,,,,,,,,,,,,,,,,,,,,,,,,,,,,,,,,,,,4,,,,,,,,,,,,,,,,,
Linaria-type,UPHE,pollen,NISP,,2,2,,,,,,,,,,,,,,,,,,,,,,,,,,,,,,,,,,,,,,,,,,1,,,,,,,,,,,,,,2,,2,,,,,,,,,,,,,
Linum austriacum-type,UPHE,pollen,NISP,,,,,,,,,1,,,,,,1,,,,,,,,,1,,,,,,,,,,,,,,,,,,,,,,,,,,,,,3,1,4,1,,1,,,2,,,1,2,,,,,,,,,
Lycopodium spike,LABO,counted,number,,865,794,536,1385,1618,1478,1048,823,561,347,505,390,321,382,320,344,321,502,389,479,416,296,358,298,294,304,190,303,181,227,295,233,356,497,468,367,187,224,164,222,102,170,182,183,356,183,226,565,454,332,279,252,255,214,311,536,291,344,253,816,1210,478,373,600,303,135,153,106,221,462,343,157,520
Lycopodium tablets,LABO,concentration,grains/tablet,,10679,10679,10679,10679,10679,10679,10679,10679,10679,10679,10679,10679,10679,10679,10679,10679,10679,10679,10679,10679,10679,10679,10679,10679,10679,10679,10679,10679,10679,10679,10679,10679,10679,10679,10679,10679,10679,10679,10679,10679,10679,10679,10679,10679,10679,10679,10679,10679,10679,10679,10679,10679,10679,10679,10679,10679,10679,10679,10679,10679,10679,10679,10679,10679,10679,10679,10679,10679,10679,10679,10679,10679,10679
Lycopodium tablets,LABO,quantity added,number,,4,4,4,4,4,4,4,4,4,4,4,4,4,4,4,4,4,4,4,4,4,4,4,4,4,4,4,4,4,4,4,4,4,4,4,4,4,4,4,4,4,4,4,4,4,4,4,4,4,4,4,4,4,4,4,4,4,4,4,4,4,4,4,4,4,4,4,4,4,4,4,4,4
Lythrum,UPHE,pollen,NISP,,,,,,,,,,,1,,,,,,,,,,,1,,,,,,,,1,,1,,,,,,1,,,,,,,,,,1,,,,,1,1,1,,3,1,1,,1,,,3,2,,1,,,1,,,,
Mentha-type,UPHE,pollen,NISP,,,,,,1,,,,,,,,,,,,,,,1,1,1,,1,,,,,,,,,,,,,,,,,,,,1,,,,,,,,,1,,1,,,,,,,,,,,,,,,,,,
Myriophyllum alterniflorum,AQVP,pollen,NISP,,,,3,,,,,,,,,,,,,,,,,,,,,,,,,,,,,,,,,,,,,,,,,,,,,,,,,,,,,,,,,,,,,,,,,,,,,,
Myriophyllum spicatum,AQVP,pollen,NISP,,,,1,,,,,,1,,,,,,,,1,,,,,1,2,1,,,1,2,,1,,,,,,3,,,,3,,1,,4,2,2,,1,1,,,4,1,,,,,,,,,,,,,,,,,,,,
Myrtus,TRSH,pollen,NISP,,,,,,,,,,,,1,1,,,,,,,,1,,,1,1,,,1,,,,,,,,1,,,,,,,,,,,,,,,,,,,,,,,,,,,,,,,,,,,,,,
Nymphaea,AQVP,pollen,NISP,,,,,,,,,,,,,,,,,,,,,,,,1,2,,,,,,,,,,,,,,,,,,,,,,,,,,,,,,,,,,,,,,,,,,,,,,,,,
Odontites,UPHE,pollen,NISP,,,,,,2,,,,,,,,,,,,,,,,,,,,,,,,,,,,,,,,,,,,1,,,,,,,,,,,,,,,,,,,,,,,,,,,,,,,,
Olea,TRSH,pollen,NISP,,,2,,4,4,7,4,13,10,11,2,6,10,6,8,8,5,1,,1,4,2,3,3,,4,5,2,2,,1,,1,,,1,3,,,,,,1,,,,1,,,,,,1,,1,,1,,2,,,,1,,,,,1,,,,,
Osmunda,VACR,spore,NISP,,6,3,7,1,1,2,2,10,24,23,25,14,18,17,35,25,35,44,33,36,16,43,11,10,7,10,9,11,10,17,16,18,14,11,12,15,7,16,8,14,14,38,17,37,12,33,23,46,36,29,19,11,12,14,3,24,11,2,,5,3,3,2,,2,1,8,4,2,5,170,147,
Ostrya carpinifolia,TRSH,pollen,NISP,,12,1,,1,4,5,7,3,7,8,5,14,31,14,16,8,16,11,9,7,16,20,33,23,25,18,26,30,38,45,28,30,54,49,51,45,46,39,57,42,56,36,58,38,24,27,15,,2,,,,3,,3,1,3,,,2,4,,1,,,1,3,1,,,,,
Persicaria maculosa-type,UPHE,pollen,NISP,,,,,,,,,,,,,,,,,,,,,,,,,,,,,,,,,,,,,,,,,,,,,,,,,,,,1,,,,,,,,,,,,,,,,,,,,,,
Peucedanum-type,UPHE,pollen,NISP,,,,,,,,,,,,,,,,,,,,,,,,,,,,,,,,,,,,,,1,,,,,,,,,,,,,,,,,,,,,,,,,,,,,,,,,,,,
Phillyrea,TRSH,pollen,NISP,,66,65,65,122,118,110,94,57,35,46,37,44,24,26,36,38,24,25,14,3,5,6,10,6,12,10,14,12,4,9,4,5,9,7,6,5,2,6,7,5,4,11,4,1,1,7,7,,,,,2,1,,2,1,2,,3,2,2,2,6,2,5,5,4,7,,,,,
Picea abies,TRSH,pollen,NISP,,,,,,,,,,,,,,,,,,,,,,,,,,,,,,,,,,,,,,,,,,,,,,,,,,,,,,,,,,2,,,,,,,,,,,2,,,,,
Pinus,TRSH,pollen,NISP,,135,105,36,106,45,32,25,19,16,13,11,11,12,5,13,6,11,10,10,17,14,12,14,8,17,24,15,16,16,11,5,7,9,9,9,11,13,10,7,14,10,13,21,22,25,20,18,31,41,54,64,27,42,35,60,58,52,31,21,22,42,29,54,44,28,37,40,48,58,70,44,43,544
Pistacia,TRSH,pollen,NISP,,3,,1,4,,1,3,4,,,,1,1,1,,1,,2,2,,1,,1,,1,1,1,,,2,,1,3,1,2,,,,1,,2,1,,1,,3,,,,,,,1,,,,,,,,,,,,,,,,,,,,
Plantago lanceolata,UPHE,pollen,NISP,,9,10,3,15,9,17,16,8,16,10,12,5,7,10,12,6,5,7,4,5,6,5,3,6,4,3,2,2,,3,4,1,6,2,5,3,1,9,4,3,6,5,1,3,,1,2,1,,,,,3,,2,,4,,,,1,1,5,4,,,2,,16,8,,,
Poaceae,UPHE,pollen,NISP,,40,32,25,48,44,47,35,42,42,47,38,32,39,51,63,62,37,54,58,43,42,31,19,36,19,36,14,20,20,31,25,23,42,33,44,43,34,23,27,16,18,26,23,28,25,35,39,60,43,51,41,43,30,42,32,36,54,41,60,106,59,26,67,100,176,52,57,28,,176,70,12,
Poaceae (Cerealia),UPHE,pollen,NISP,,1,2,9,8,3,5,13,3,7,8,2,2,2,2,3,4,,,,,,,,,,,,,,,,,2,,,,,,,,,,,,,,,,,,,,,,,,,,,,,,,,,,,,,,,,
Polygonum aviculare-type,UPHE,pollen,NISP,,,,,,,,,,,,,,,,,,,,,,,,,,,,,1,1,,,,,,,,,,,,,,,,,,,,,,,,,,,,,,,,,,,,,,,,,,,,
Polypodium,VACR,spore,NISP,,,,,,,,,,,,,,,,,,,1,,,,,,,,,,,,,,,,,,,,,1,,,,,,,,,,,,,,,,,,,,,,,,,,,,,,,,,,
Potamogeton,AQVP,pollen,NISP,,,,,,,,,,,,,,,,,,,,,,,,,1,,,,,1,,,,,,,,,,,,,1,,,,,2,,,,,,,,,2,,,,5,,,,,,,,,,,,,
Potentilla-type,UPHE,pollen,NISP,,,,,,,,,,,,,1,,,1,,,,,,,,,2,,,,,,,,,,,,,,,,,,,,,,,,,,,,,1,,,,,,,,,,,,,,,,,,,,
Poterium sanguisorba,UPHE,pollen,NISP,,,,,,3,,,,,,,,,,,4,,,,,,,,,1,,,,,1,,,,,,,,,,,,,,,,,,,,,,,1,,1,,,,,,1,,,,,,,,,,,,
Pteridium,VACR,spore,NISP,,1,1,1,,,2,4,3,1,5,1,5,2,1,5,9,7,11,10,11,20,5,6,11,4,9,2,2,1,9,3,6,1,10,4,6,4,3,3,5,3,11,12,14,9,6,22,49,24,18,8,34,31,29,12,16,12,9,12,22,83,34,42,22,56,15,32,18,9,12,27,2,4
Pteridophyta (monolete) undiff.,VACR,spore,NISP,,34,20,31,6,9,27,16,42,72,67,71,74,101,104,126,140,164,171,189,174,129,92,55,52,44,43,31,30,52,61,34,43,24,20,28,39,35,33,37,44,37,77,94,79,74,72,74,53,41,31,53,86,140,84,52,23,12,9,3,5,4,14,4,6,13,6,9,17,13,21,46,358,2
Quercus cerris-type,TRSH,pollen,NISP,,10,10,1,20,21,24,22,28,30,29,11,13,23,11,11,10,9,8,5,10,15,13,22,16,23,17,34,35,25,31,23,22,23,12,11,14,5,21,24,16,25,10,16,28,36,34,36,5,3,4,4,8,8,12,7,14,10,2,10,16,22,18,8,14,15,10,16,18,20,9,14,,
Quercus ilex-type,TRSH,pollen,NISP,,46,31,12,86,32,66,75,85,73,73,56,45,40,32,17,26,25,28,24,21,31,32,83,103,79,76,112,109,97,48,132,115,108,160,108,141,179,157,170,141,148,64,59,62,67,49,51,36,44,19,43,30,56,46,66,62,77,34,59,40,56,35,88,61,42,110,67,90,65,17,31,2,
Quercus robur-type,TRSH,pollen,NISP,,24,18,17,38,28,46,56,53,53,54,38,65,56,70,63,48,48,55,59,74,82,104,98,91,94,62,83,85,73,63,74,93,69,84,97,94,118,92,82,102,82,72,86,104,114,116,88,73,43,56,38,70,84,97,100,104,122,47,71,98,82,98,60,57,58,111,120,103,98,38,42,4,
Ranunculus acris-type,UPHE,pollen,NISP,,,,,,3,1,,,2,,,,1,,,,,,,,,,,,,,,,,,,1,,,,,,,2,,,,,,,,,,,,1,,,,,,,,,,,,,,,,,,,,,,
Rhamnus,TRSH,pollen,NISP,,,,,,,1,,,,,1,1,1,,,,,,,,,,,,,,,,,,,,,,1,,,,,,,,1,,,,,,,,,,,,,,,,,,,,,,,,,,,,1,,
Rosa-type,UPHE,pollen,NISP,,,,,,,,,,,,2,,,,,,,,,,,,,,,,,,,,,,,,,,,,,,,,,,,,,,,,,,,,,,,,,,,,,,,,,,,,,,
Rosaceae undiff.,UPHE,pollen,NISP,,,,,,,,,,,,,,,,,,,,,,,,1,,1,,,,,,3,1,1,2,,,,,,1,,,,,,,,,,3,,,,1,,5,,,,5,,5,,,4,,4,,,1,5,1,7
Rubiaceae,TRSH,pollen,NISP,,,2,1,,,,1,1,1,,,,,1,,2,1,,,,1,2,,1,,,,,2,1,,1,,1,1,,1,,,,,,,2,2,,1,3,2,3,1,4,7,5,3,2,2,3,1,1,,1,,5,6,1,3,,1,1,,,
Rubus,TRSH,pollen,NISP,,,,,,,,1,,,,,3,,,,,,,1,1,1,,,,1,1,,,,,2,1,,,,,,,,,,,,,,,,,,,,,,,,,,,,,,,,,,,,,2,,,,
Rumex acetosa-type,UPHE,pollen,NISP,,,,,,,,,,,,,,,,,,,,2,,,,,,,,1,,,,4,1,1,2,4,4,1,1,,,,,,,,,,,,,,,,,,,,,,,,,,,,,,,2,3,2,,
Rumex acetosella,UPHE,pollen,NISP,,2,5,,6,12,2,7,1,6,3,2,1,,,2,2,8,6,3,1,2,7,1,2,1,,,3,3,7,,1,,,,,,,2,,4,,,,1,,2,,,,1,,,,,,2,,1,,2,,,1,,1,,1,,,,,
Salix,TRSH,pollen,NISP,,1,1,3,2,22,4,,2,1,6,11,11,7,5,4,3,7,2,8,8,8,7,8,10,11,7,6,3,1,14,10,6,3,3,2,1,2,,2,6,4,4,1,1,4,1,2,2,2,11,,3,4,5,4,5,4,,3,,1,4,,,,2,5,2,1,,,,
Salvia-type,UPHE,pollen,NISP,,,,,,,,,,,,,,,,,,1,,,,,,,,,,,,,,,,,,,,,,,,,,,,,,,,,,,,,,,,,,,,,,,,,,,,,,,,
Sambucus nigra-type,TRSH,pollen,NISP,,,1,,,,,,,,,,,,,,,,,,,,,,,,,,,,,,,,,,,,,,,,,,,,,,,,,,,,,,,,,,,,,,,,,,,,,,,
Sample quantity,LABO,volume,ml,,1,1,1,1,1,1,1,1,1,1,1,1,1,1,1,1,1,1,1,1,1,1,1,1,1,1,1,1,1,1,1,1,1,1,1,1,1,1,1,1,1,1,1,1,1,1,1,1,1,1,1,1,1,1,1,1,1,1,1,1,1,1,1,1,1,1,1,1,1,1,1,1,1
Saponaria,UPHE,pollen,NISP,,,,,,,,,,,,,,,,,,,,,,,,,,,,,,,,,,,,,1,,,,,,,,,,,,,,,,,,,,,,,,,,,,,,,,,,,,,
Saussurea-type,UPHE,pollen,NISP,,,,,,,,,,,,,,,,,,,,,,,,,,,,,,,,,,,,,,,,,,,,1,,,,,,,,,,,,,,,,,,,,,,,,,1,,,,,
Secale,UPHE,pollen,NISP,,3,2,1,2,4,8,13,,4,2,4,2,1,,,2,3,3,3,2,,,,,,,,,,,1,,,,,,,,,,,,,,,,,,,,,,,,,,,,,,,,,,,,,,,,,,
Senecio-type,UPHE,pollen,NISP,,2,,,,,,,,,,,,,,,,,,1,,,,,,1,,1,,,,,,,,,,,,,,,,,,,,,1,,,,,,,,,,,,,,,,,,,,,,,,,
Sesamoides,UPHE,pollen,NISP,,,,,,1,,,,,,,,,,,,,,,,,,,,,,,,,,,,,,,,,,,,,,,,,,,,,,,,,,,,,,,,,,,,,,,,,,,,
Silene-type,UPHE,pollen,NISP,,,,,,,,,,,,,,,,,,,,,,,,,,,,,,,,,,,,1,,,,,,,,,,,,,,,,,,,,,,,,,,,,,,,,,,,,,,
Solanum dulcamara,UPHE,pollen,NISP,,1,1,,,1,1,,,,,1,,,,,,,,,,2,,4,1,5,,1,4,2,4,,,,,,1,1,,,1,,1,,,,,,,2,2,1,5,,1,,,,,,,,,,,,,,,,,1,,
Sorbus,TRSH,pollen,NISP,,,,,,,,,,,,,,,,,,,,,,,,,,,,,,,,,,,,,,,,,,,,,,,,,,,,,,,,,,,,,,,,,,,,,,,,,6,
Sparganium-type,AQVP,pollen,NISP,,5,3,8,5,3,5,7,19,11,12,3,5,6,8,12,12,3,3,4,4,4,6,6,2,1,2,1,1,2,6,2,7,2,1,1,1,,1,6,3,3,5,4,3,9,10,14,3,2,,3,2,,5,3,1,8,1,10,3,3,,9,5,5,,2,16,96,9,,,
Sphagnum,AQBR,spore,NISP,,,,,,,,,,,,,,2,1,,2,,,,,,,,,,,,,,,,,,,,,,,,,,,,,,,,,,,,,,,,,,,,,,,,,,,,,,,,,
Teucrium,UPHE,pollen,NISP,,,,,,,,,,,,,,,,,,,,,,,,,,,,,,,,,,,,,,,,,,,,,,,,,,,,,,,,,2,,,,,,,,,,,,,,,,,
Thalictrum,UPHE,pollen,NISP,,1,,1,,1,,1,,2,1,,4,2,,,4,1,1,2,3,2,,,1,,4,1,4,4,3,3,1,,1,1,,2,4,1,1,,2,,,,,,,,,,,,,,,,,,,,1,,,1,,,,,,,,
Tilia,TRSH,pollen,NISP,,,1,,,,,,,,1,,,,,,,,,1,,,,,,,,1,,,1,,,1,,,,,,,,,4,,,1,1,,1,1,,1,,1,1,2,2,1,,,2,2,1,4,3,,,1,4,,,2,1,
Trifolium repens-type,UPHE,pollen,NISP,,,,,,,,,,,,,,,,,,,,,,,,,,,,,,,,,,,,,,,,,,1,,,,,,,,,,,,,,,,,,,,,,,,,,,,,,,,
Typha latifolia,AQVP,pollen,NISP,,,,,,,,,,1,,,,,1,1,,,,,,,,,,,,1,,,,,1,,,,,,,,,,1,,,,,,1,,,,,,,,,,,,,,25,,8,,,,1,,,,,
Ulmus,TRSH,pollen,NISP,,1,2,1,1,1,2,1,5,1,3,3,1,3,3,,1,2,1,,2,3,2,3,4,1,2,12,4,5,4,9,7,12,11,8,9,9,10,14,7,2,6,9,4,14,9,8,4,1,4,3,3,,2,5,3,4,,2,2,7,4,6,2,2,9,6,1,3,,1,,
Urtica,UPHE,pollen,NISP,,,1,2,2,2,1,1,,,,,,,,,1,,,,,,,,,,,,,,,,,,,,,,,,,,,,,,,,,1,,,,,,1,,,,,2,,,,,,,,2,,,,,
Urtica pilulifera,UPHE,pollen,NISP,,,,,,,,1,,,,,,,,,,,,,,,,,,,,,,,,,,,,,,,,,,,,,,,,,,,,,,,,,,,,,,,,,,,,,,,,,,
Vaccinium-type,TRSH,pollen,NISP,,2,1,,2,1,6,8,2,4,4,1,1,2,,2,2,3,,1,,4,4,5,,,,,,,,,,,,,,,,2,,1,,,,,,,,,,,,,,,,,,,,,,,,,,,,,,,,
Viburnum,TRSH,pollen,NISP,,,,,,,,,,,,,,,,,,,1,,,,,,,,,,,,,,,,,,,,,,,1,,2,,,2,,,1,,,,,,,2,,1,,,,,,,,,1,,,,,,
Vitis,TRSH,pollen,NISP,,,2,1,1,3,,1,,3,2,4,5,3,,,2,1,,,1,2,2,2,1,1,1,2,,4,2,2,,,,,1,1,,1,3,3,,3,1,1,2,4,1,6,5,,,3,3,4,6,,3,2,,4,1,2,2,2,,1,1,1,,,2,
Xanthium,UPHE,pollen,NISP,,1,,,,,,,,1,,,,,,,,,,,,,,,,,,,,,,1,,,,,,,,,,,,,,,,,,,,,,,,,,,,,,,,,,,,,,,,,,
Zea mays,UPHE,pollen,NISP,,1,,,,,,,,,,,,,,,,,,,,,,,,,,,,,,,,,,,,,,,,,,,,,,,,,,,,,,,,,,,,,,,,,,,,,,,,