SiteN,metadata,filename,Region,Country,SiteName,Chronology,Calibration method,radius,londd,latdd,Lang et al. 2023 dataset,Files from server,Neotoma Code,Dois,Author,,,,
1,EXCLUDED,ALGEN,Ma,Spain,Algendar,Already present,,NA,3.958611,39.940556,TRUE,,,,,,,,
1,EXCLUDED,BALLI,Ta,Ireland,Ballinloghig Lake,Already present,,79,-10.308333,52.2,TRUE,,,,,,,,
1,EXCLUDED,MAANS,Bb,Finland,Maanselansuo,Already present,,NA,25,59.433333,TRUE,,,,,,,,
1,EXCLUDED,MAILL,Ma,Spain,El Maillo,Already present,,NA,6.20972222,40.5466667,TRUE,,,,,,,,
1,EXCLUDED,,A,Norway,Cap'pesjav'ri,,,,25.37,71.07,FALSE,,,,,,,,
1,EXCLUDED,HOPSE,A,Norway,Lake Hopseidet,,,,27.72,70.83,TRUE,,,,,,,,
1,EXCLUDED,,A,Norway,Iver Kobbkrokvatnet,,,,29.29,70.7,FALSE,,,,,,,,
1,EXCLUDED,,A,Norway,Jansvatmet,,,,23.67,70.65,FALSE,,,,,,,,
1,EXCLUDED,IFJOR,A,Norway,Lake Ifjord,,,,27.63,70.43,TRUE,,,,,,,,
1,EXCLUDED,DOMSV,A,Norway,Domsvatnet,,,,31.03,70.32,TRUE,,,,,,,,
1,EXCLUDED,,A,Russia,Rybachiy,,,,32.4,69.6,FALSE,,,,,,,,
1,EXCLUDED,YARNI,A,Russia,Yarnishnoe-3,,,,36.1,69.1,TRUE,,,,,,,,
1,EXCLUDED,POTER,A,Russia,Poteryanny Zub,,,,35.3,68.8,TRUE,,,,,,,,
1,EXCLUDED,ORTIN,A,Russia,Ortino,,,,54.1,68.1,TRUE,,,,,,,,
1,EXCLUDED,TIMAN,A,Russia,Bolvan I,,,,48.43,67.43,TRUE,,,,,,,,
1,EXCLUDED,KHARI,A,Russia,Lake Kharinei,,,,62.75,67.37,TRUE,,,,,,,,
1,EXCLUDED,TUMBU,A,Russia,Lake Tumbulovaty,,,,59.7,67.1,TRUE,,,,,,,,
1,EXCLUDED,,Ba,Norway,Endlevatn,,,,16,69.2,FALSE,,,,,,,,
1,EXCLUDED,DONCO,Ba,Norway,Donvold,,,,13.58,68.13,TRUE,,,,,,,,
1,EXCLUDED,,Ba,Iceland,Efstadalsvatn,,,,-21.66,65.92,FALSE,,,,,,,,
1,EXCLUDED,,Ba,Iceland,Bardalaekjartjorn,,,,-19.87,65.42,FALSE,,,,,,,,
1,EXCLUDED,,Ba,Norway,Blavasstjonn,,,,11.66,64.91,FALSE,,,,,,,,
1,EXCLUDED,GRASV,Ba,Norway,Grasvatn,,,,8.7,63.7,TRUE,,,,,,,,
1,EXCLUDED,SAKSU,Ba,Faroe Islands,Saksunarvatn,,,,-7.18,62.25,TRUE,,,,,,,,
1,EXCLUDED,,Ba,Norway,Krakenes,,,,5,62.03,FALSE,,,,,,,,
1,EXCLUDED,DALLI,Ba,United Kingdom,Dallican Water,,,,-1.1,60.39,TRUE,,,,,,,,
1,EXCLUDED,BRUVA,Bb,Norway,Bruvatnet,,,,26.42,70.18,TRUE,,,,,,,,
1,EXCLUDED,TROLL,Bb,Norway,Trollvatnet,,,,23.47,69.88,TRUE,,,,,,,,
1,EXCLUDED,SUOVA,Bb,Finland,Suolavampi,,,,28.83,69.58,TRUE,,,,,,,,
1,EXCLUDED,AKUVA,Bb,Finland,Akuvaara,,,,27.68,69.13,TRUE,,,,,,,,
1,EXCLUDED,MUKKA,Bb,Finland,Mukkavaara,,,,21,68.92,TRUE,,,,,,,,
1,EXCLUDED,TSUOL,Bb,Finland,Lake Tsuolbmajavri,,,,22.8,68.69,TRUE,,,,,,,,
1,EXCLUDED,,Bb,Sweden,Badsjon,,,,18.75,68.33,FALSE,,,,,,,,
1,EXCLUDED,,Bb,Russia,Chuna,,,,32.48,67.95,FALSE,,,,,,,,
1,EXCLUDED,,Bb,Sweden,Sjuodjijaure,,,,18.1,67.4,FALSE,,,,,,,,
1,EXCLUDED,,Bb,Russia,Krugloye,,,,37.58,66.37,FALSE,,,,,,,,
1,EXCLUDED,KANGE,Bb,Finland,Kagerjoki,,,,29,66.12,TRUE,,,,,,,,
1,EXCLUDED,SOLNE,Bb,Russia,Solnechnoe,,,,34.33,65.83,TRUE,,,,,,,,
1,EXCLUDED,ZAPOV,Bb,Russia,Zapovednoe,,,,32.63,65.12,TRUE,,,,,,,,
1,EXCLUDED,VASIK,Bb,Finland,Vasikkasuo,,,,27.87,64.67,TRUE,,,,,,,,
1,EXCLUDED,RUGOZ,Bb,Russia,Rugozero,,,,32.63,64.08,TRUE,,,,,,,,
1,EXCLUDED,,BB,Sweden,Kassjon,,,,20.02,63.92,FALSE,,,,,,,,
1,EXCLUDED,ZARUC,Bb,Russia,Zaruckoe,,,,36.25,63.9,TRUE,,,,,,,,
1,EXCLUDED,ABBOR,Bb,Sweden,Abborrtjarnen,,,,14.45,63.88,TRUE,,,,,,,,
1,EXCLUDED,PUNOZ,Bb,Russia,Punozerka,,,,33.58,62.82,TRUE,,,,,,,,
1,EXCLUDED,FLAFA,Bb,Norway,Flafattjonna,,,,10.4,62.33,TRUE,,,,,,,,
1,EXCLUDED,STYGG,Bb,Sweden,Styggtjarnen,,,,13.57,62.32,TRUE,,,,,,,,
1,EXCLUDED,GOTNA,Bb,Russia,Gotnavolok,,,,33.8,62.2,TRUE,,,,,,,,
1,EXCLUDED,YLMY,Bb,Finland,Ylmysneva,,,,22.87,62.13,TRUE,,,,,,,,
1,EXCLUDED,BEZDO,Bb,Russia,Bezdonnoe,,,,32.77,62.03,TRUE,,,,,,,,
1,EXCLUDED,AHOLA,Bb,Finland,Aholampi,,,,25.22,61.88,TRUE,,,,,,,,
1,EXCLUDED,KLOTJ,Bb,Sweden,Klotjarnen,,,,16.53,61.82,TRUE,,,,,,,,
1,EXCLUDED,LADOG,Bb,Russia,Ladoga Lake,,,,31.34,61.56,TRUE,,,,,,,,
1,EXCLUDED,BRURS,Bb,Norway,Brurskardtjorni,,,,8.67,61.42,TRUE,,,,,,,,
1,EXCLUDED,SIIKA,Bb,Finland,Siikasuo,,,,22.07,61.3,TRUE,,,,,,,,
1,EXCLUDED,SYRJA,Bb,Finland,Syrjalansuo,,,,28.12,61.22,TRUE,,,,,,,,
1,EXCLUDED,TRETT,Bb,Norway,Trettetjorn,,,,7,60.72,TRUE,,,,,,,,
1,EXCLUDED,HOLTJ,Bb,Sweden,Holtjarnen,,,,14.92,60.65,TRUE,,,,,,,,
1,EXCLUDED,HIRVI,Bb,Finland,Hirvilampi,,,,24.25,60.63,TRUE,,,,,,,,
1,EXCLUDED,LLETT,Bc,Russia,Lake Llet-Ti,,,,59.3,66.5,TRUE,,,,,,,,
1,EXCLUDED,MEZHG,Bc,Russia,Mezhgornoe,,,,59.67,65.26,TRUE,,,,,,,,
1,EXCLUDED,,Bc,Russia,Onego Lake,,,,34.9,61.7,FALSE,,,,,,,,
1,EXCLUDED,GLUBO,Bc,Russia,Glubokoe,,,,36.05,61.07,TRUE,,,,,,,,
1,EXCLUDED,,Ma,Spain,Menorca,,,,4.1,39.9,FALSE,,,,,,,,
1,EXCLUDED,,Po,Russia,Pobochnoye,,,,51.88,52.97,FALSE,,,,,,,,
1,EXCLUDED,LIPIG,Po,Russia,Lipigi,,,,43.4,49.5,TRUE,,,,,,,,
1,EXCLUDED,KHARA,Po,Russia,Kharabuluk,,,,44.3,47.7,TRUE,,,,,,,,
1,EXCLUDED,BLOMO,Ta,Norway,Blomoy,,,,4.88,60.53,TRUE,,,,,,,,
1,EXCLUDED,,Tg,Bulgaria,Western Black Sea GGC-18,,,,28.4,42.5,FALSE,,,,,,,,
1,NOTFOUND,,Bd,Latvia,Kurjanovas,\,,NA,27.5,56.5,FALSE,,,,,,,,
1,NOTFOUND,,Ma,Spain,Ojos del Tremedal,\,,NA,-2.05,40.54,FALSE,Tilia,,,,,,,
1,NOTFOUND,,Ma,Spain,Laguna de Medina,\,,NA,-6.05,36.62,FALSE,,,,,,,,
1,NOTFOUND,,Pa,Slovakia,Parizske Mire,\,,NA,18.47,47.87,FALSE,,,,,,,,
1,NOTFOUND,,Pa,Hungary,Batorliget,\,,NA,22.27,47.77,FALSE,,,,,,,,
1,NOTFOUND,,Ta,United Kingdom,Dartmoor,\,,NA,-4,50.6,FALSE,,,,,,,,
1,NOTFOUND,,Ta,France,Guidel,\,,NA,-3.5,47.77,FALSE,,,,,,,,
1,NOTFOUND,,Ta,Spain,Pena Vell,\,,NA,-7.52,43.44,FALSE,,,,,,,,
1,NOTFOUND,,Tb,Denmark,Dallund So,\,,NA,10.28,55.48,FALSE,,,,,,,,
1,NOTFOUND,,Tb,France,Lake Aydat,\,,NA,2.99,45.66,FALSE,,,,,,,,
1,NOTFOUND,,Tb,France,Gourgon,\,,NA,3.88,45.61,FALSE,,,,,,,,
1,NOTFOUND,,Tb,France,Les Roustieres,\,,NA,3.09,44.71,FALSE,,,,,,,,
1,NOTFOUND,,Td,Spain,Lago Grande de Estanya,\,,NA,0.53,42.03,FALSE,,,,,,,,
1,NOTFOUND,,Tg,Serbia,Crveni Potok,\,,NA,19.42,43.91,FALSE,,,,,,,,
1,NOTFOUND,,Th,Slovenia,Griblje,\,,NA,15.28,45.57,FALSE,,,,,,,,
1,NOTFOUND,,Tc,Russia,Klukvennoye,,,,43.45,54.78,FALSE,,,,,,,,
1,TRUE,ABER1,Ta,United Kingdom,Abernethy Forest [use < 4 ka BC],Already present,,405,-3.716667,57.33,TRUE,,,,,,,,
2,TRUE,ABER2,Ta,United Kingdom,Abernethy Forest [use > 4 ka BC],Already present,,405,-3.716667,57.33,TRUE,,,,,,,,
3,TRUE,ACCES,Mb,Italy,Lago dell'Accesa,Already present,,250,10.89166667,42.98533333,TRUE,,,,,,,,
4,TRUE,AEGEL,Te,Switzerland,"Aegelsee, Diemtigen",Already present,,120,7.5395,46.6425,TRUE,,,,,,,,
6,TRUE,ALTEN,Tb,France,Altenweiher,Pims agedepth,NA,NA,6.99,48.01,FALSE,Tilia ,,,,,,,
7,TRUE,ANTAS,Ma,Spain,Antas,Already present,,NA,-1.823611,37.208333,TRUE,,,,,,,,
8,TRUE,ANTUS,Bd,Estonia,Antu Sinijarv,Already present,,82,26.325833,59.133333,TRUE,,,,,,,,
9,TRUE,ARTSL,Ta,Ireland,Arts Lough,Already present,,100,-6.433333,52.95,TRUE,,,,,,,,
10,TRUE,ASHIK,Ta,United Kingdom,Loch Ashik,Already present,,84,-5.833333,57.25,TRUE,,,,,,,,
11,TRUE,ATXU,Td,Spain,Atxuri,Giesecke et al. 2014 (MADCAP),Linear age model. Based on IntCal09 calibration curve.,NA,-1.551111,43.250278,FALSE,,3893,,"Penalba, M.C. 1989. Dynamique de vegetation Tardiglaciaire et Holocene du centre-nord de l'Espagne d'après l'analyse pollinique. Doctoral dissertation. Université d'Aix-Marseille, Marseille, France.","Penalba, M.C. 1994. The history of the Holocene vegetation in northern Spain from pollen analysis. Journal of Ecology 82:815-832.",,,
12,TRUE,AUNEA,Tb,France,Auneau,Already present,,80,1.793611,48.456111,TRUE,,,,,,,,
13,TRUE,AVRIG,Tf,Romania,Avrig,Already present,,2821,24.383333,45.716667,TRUE,,,,,,,,
14,TRUE,AYOOV,Ma,Spain,Ayoo de Vidriales,Already present,,80,-6.1,42.1,TRUE,,,,,,,,
15,TRUE,BACHA,Te,Switzerland,Bachalpsee,Already present,,160,8.02,46.67,TRUE,,,,,,,,
17,TRUE,BAMOR,Td,Spain,Basa de la Mora,Already present,,138,0.31667,42.5333,TRUE,,,,,,,,
18,TRUE,BANYO,Ma,Spain,Banyoles,Already present,,613,2.75,42.133333,TRUE,,,,,,,,
19,TRUE,BARA,Mb,Italy,Baratz,Linear interpolation,,NA,8.22551,40.68089,FALSE,,57773,,"Pedrotta, T., E. Gobet, C. Schwörer, G. Beffa, C. Butz, P.D. Henne, C. Morales-Molino, S. Pasta, J.F.N. van Leeuwen, H. Vogel, E. Zwimpfer, F.S. Anselmetti, M. Grosjean, and W. Tinner. 2021. 8,000 years of climate, vegetation, fire and land-use dynamics in the thermo-mediterranean vegetation belt of northern Sardinia (Italy). Vegetation History and Archaeobotany 30:789-813. [DOI: https://doi.org/10.1007/s00334-021-00832-3]","Calendar Years on Neotoma, but Calibrated on the article. To ask",,,
20,TRUE,BEBRU,Bd,Lituania,Bebrukas Lake,Already present,,155,24.121111,54.085278,TRUE,,,,,,,,
21,TRUE,BEGB,Tg,Bulgaria,Peat-bog Begbunar,Linear interpolation,"Calibration performed with OxCalv3.10 (Bronk Ramsey, 2005) Curve obtain with Tilia calculation",NA,22.55,42.15,FALSE,Tilia,22767,,"Lazarova, M.A., S. Tonkov, I. Snowball, and E. Marinova. 2009. 6. Peat-bog Begbunar (Osogovo Mountains, south-west Bulgaria): Four millennia of vegetation history. Grana 48(2):147-149. [DOI: 10.1080/00173130902965157]",,,,
22,TRUE,BEKE,Ta,Ireland,Belle Lake,Giesecke et al. 2014 (MADCAP),"clam,Smooth spline age model. Based on IntCal09 calibration curve. Preparer notes: Mid Holocene to late Glacial",NA,-7,52.2,FALSE,,3913,,"Craig, A.J. 1973. Studies on the ecological history of southeast Ireland, using pollen influx analysis and other methods. Doctoral dissertation. Dublin, Ireland.","Craig, A.J. 1978. Pollen percentage and influx analysis in southeast Ireland: a contribution to the ecological history of the Late-glacial period. Journal of Ecology:297-324.",,,
23,TRUE,BELAU,Tb,Germany,Lake Belau,V_Sequence/P_Sequence model,"Calibrated age yr BP with OxCal 4.1, IntCal09, sigma 2, correlated to varve counts and tephra layers",NA,10.25111,54.09854,FALSE,,52429,,"Wiethold, J. 1998. Studien zur jüngeren postglazialen Vegetations- und Siedlungsgeschichte im östlichen Schleswig-Holstein. Universitätsforschungen zur Prähistorischen Archäologie 45. Habelt, Bonn.","Wiethold, J. 1998. Welchen Beitrag liefern paläo-ökologische Untersuchungen zu heutigen langfristigen ökologischen Untersuchungsprogrammen? Das Beispiel Belauer See, Kr. Plön, Schleswig-Holstein: Die jüngere postglaziale Vegetationsgeschichte. Pages 3-16 in W. Schäfer, editor. Integriertes Monitoring - Ergebnisse, Programme, Konzepte. EcoSys Beiträge zur Ökosystemforschung 7. Vorstand des Vereins zur Förderung der Ökosystemforschung zu Kiel & Direktorium des Ökologie-Zentrums der Universität Kiel, Kiel.","Wiethold, J. 2000. Archäologische Forschungsmethoden und Ergebnisse zur Wechselbeziehung von Mensch und Umwelt im Mittelalter. Pages 74-80 in A. Wieczorek and H.M. Hinz, editors. Europas Mitte um 1000. Theiss, Stuttgart.","Dörfler, W., I. Feeser, C. van den Bogaard, S. Dreibrodt, H. Erlenkeuser, A. Kleinmann, J. Merkt, and J. Wiethold. 2012. A high-quality annually laminated sequence from Lake Belau, Northern Germany: Revised chronology and its implications for palynological and tephrochronological studies. Holocene 22(12):1413-1426.",
24,TRUE,BELIY,Tg,Bulgaria,Beliya Kanton,Linear interpolation,CAL BP age with CLAM (Blaauw) sigma 2,NA,24.139665,41.734405,FALSE,,41491,,"Lazarova, M.A., S. Tonkov, E. Marinova, D. Ivanov, and E.D.B. Bozilova. 2011. Western Rhodopes Mountains (Bulgaria): peat bog Beliya Kanton. Grana 50(2):162-164. [DOI: 10.1080/00173134.2011.573863]",,,,
25,TRUE,BELLE,Ta,France,Bellengreville,Already present,,NA,-0.215,49.116667,TRUE,,,,,,,,
26,TRUE,BERE,Tc,Russia,Berezovskoye,linear interpolation,CAL BP age with CLAM (Blaauw) sigma 2,NA,38.5838,53.66192,FALSE,,46466,,"Novenko, E.Y., E.M. Volkova, M.P. Glasko, and I.S. Zuganova. 2011. Palaeoecological evidence for the middle and late Holocene vegetation, climate and land use in the upper Don River basin (Russia). Vegetation History and Archaeobotany 21(4-5):337-352. [DOI: 10.1007/s00334-011-0339-6]",,,,
27,TRUE,BERGA,Bd,Sweden,Bergakyllen,Already present,,187,16.15,57.166667,TRUE,,,,,,,,
28,TRUE,BEZYM,Bd,Belarus,Bezymiannoe,Already present,,309,30.000278,54.216667,TRUE,,,,,,,,
29,TRUE,BISCA,Td,France,Biscaye [partial copy from EPD],Already present,,NA,-0.083333,43.033333,TRUE,,,,,,,,
30,TRUE,BISKU,Tb,Poland,Biskupinskie Lake,Already present,,609,17.733333,52.783333,TRUE,,,,,,,,
31,TRUE,BISOC,Tf,Romania,Bisoca [partial copy from EPD],Already present,,69,26.666667,45.533333,TRUE,,,,,,,,
32,TRUE,BIVIE,Mb,Italy,Biviere di Gela,Already present,,618,14.33333333,37.01666667,TRUE,,,,,,,,
33,TRUE,BLEDO,Tb,Poland,Bledowo Lake,Already present,,160,20.666667,52.55,TRUE,,,,,,,,
34,TRUE,BOITE,Te,France,Lac des Boites,Already present,,18,5.885278,45.056111,TRUE,,,,,,,,
35,TRUE,BOKAN,Mb,Croatia,Bokanjacko,Already present,,2821,15.233333,44.183333,TRUE,,,,,,,,
36,TRUE,BORKO,Tb,Czeck Republic,Borkovicka blata,Already present,,538,14.9,49.216667,TRUE,,,,,,,,
37,TRUE,BRAZI,Tf,Romania,Lake Brazi,Already present,,22,22.9017,45.3964,TRUE,,,,,,,,
38,TRUE,BURGA,Tb,Switzerland,Burgaschisee,Smoothing spline 0.23 (clam),IntCal13,NA,7.67,47.17,FALSE,,41469,,"Rey, F., E. Gobet, J.F.N. van Leeuwen, A. Gilli, U.J. van Raden, A. Hafner, O. Wey, J. Rhiner, D. Schmoker, J. Zund, and W. Tinner. 2017. Vegetational and agricultural dynamics at Burgäschisee (Swiss Plateau) recorded for 18,700 years by multi-proxy evidence from partly varved sediments. Vegetation History and Archaeobotany 26:571-586.",,,,
39,TRUE,CANAD,Ma,Spain,Canada de la Cruz,Provided,,NA,-2.69,38.06,FALSE,"excel no dates, tilia",,,,,,,
40,TRUE,CANDI,Ma,Portugal,Charco da Candieira,Already present,,69,-7.5725,40.33833333,TRUE,,,,,,,,
41,TRUE,CAPA,Tf,Romania,Capatana,linear interpolation,CAL BP age with CLAM (Blaauw) sigma 2,NA,23.14,46.47,FALSE,,45298,,"Farcas, S., V. Lupsa, I. Tantau, and A. Bodnariuc. 2003. Reflectarea procesului de antropizare în diagramele sporo-polinice din Muntii Apuseni. Environment and Progress, Cluj-Napoca:231-236.",,,,
42,TRUE,CERVE,Tb,Czeck Republic,Cervene blato,Already present,,977,14.933333,48.85,TRUE,,,,,,,,
43,TRUE,CHAMP,Tb,France,Champ Gazon,Provided,CAL BP age with CLAM (Blaauw) sigma 2,NA,4.048611,47.203333,FALSE,,25344,,"Jouffroy-Bapicot, I. 2010. Evolution de la végétation du massif du Morvan (Bourgogne - France) depuis la dernière glaciation à partir de l'analyse pollinique. Variations climatiques et impact des activités anthropiques.. Doctoral dissertation. Université de Franche-Comté, Besançon, France.","Jouffroy-Bapicot, I., B. Vannière, E. Gauthier, H. Richard, F. Monna, and C. Petit. 2013. 7000 years of vegetation history and land-use changes in the Morvan Mountains (France): A regional synthesis. The Holocene 23(12):1888-1902.",,,
44,TRUE,CHERN,Tc,Belarus,Chernikhovo,Already present,,4442,26.433333,53.416667,TRUE,,,,,,,,
45,TRUE,CHIST,Bc,Russia,CHISTIC,Already present,,NA,33,57.335,TRUE,,,,,,,,
46,TRUE,CLAIR,Ta,United Kingdom,Loch Clair,Already present,,440,-5.343611,57.558889,TRUE,,,,,,,,
47,TRUE,CLARA,Ta,Ireland,Clara Bog,linear interpolation,Connolly 1999,NA,-7.63,53.32,FALSE,,14177,,"Connolly, A. 1999. The Paleoecology of Clara Bog, Co. Offaly. Doctoral dissertation. Trinity College, University of Dublin, Dublin, Leinster, Ireland.",,,,
48,TRUE,CLEAT,Ta,United Kingdom,Loch Cleat,Already present,,63,-6.333333,57.066667,TRUE,,,,,,,,
49,TRUE,COIRE,Ba,United Kingdom,Coire Bog,Already present,,500,-4.416667,57.85,TRUE,,,,,,,,
50,TRUE,COLFI,Mb,Italy,Colfiorito,Already present,,250,12.925,43.025,TRUE,,,,,,,,
51,TRUE,CORRE,Te,France,Correo,Already present,,58,5.983056,44.508333,TRUE,,,,,,,,
52,TRUE,COSTA,Th,Italy,Lago della Costa AP1,Already present,,3,11.73916667,45.26883333,TRUE,,,,,,,,
53,TRUE,CRANE,Ta,United Kingdom,Cranes moor,Linear interpolation,CAL BP age with CLAM (Blaauw) sigma 2,NA,-1.73,50.83,FALSE,,41222,,"Grant, M.J., P.D.M. Hughes, and K.E. Barber. 2009. Early to mid-Holocene vegetation-fire interactions and responses to climatic change at Cranes Moor. Pages 198-214 in M.R.B.R.T.H.a.F.F.W.-S. R.M. Briant, editor. The Quaternary of the Solent Basin and West Sussex raised beaches.New Forest, Quaternary Research Association edition. 13. London, United Kingdom.","Grant, M.J., P.D.M. Hughes, and K.E. Barber. 2014. Climatic influence upon early to mid-Holocene fire regimes within temperate woodlands: a multi-proxy reconstruction from the New Forest, southern England. Journal of Quaternary Science 29(2):175-188.",,,
54,TRUE,CREGG,Ta,Ireland,Cregganmore,Already present,,159,-9.6,54.25,TRUE,,,,,,,,
55,TRUE,CRENO,Mb,France,Lac de Creno,Already present,,87,8.9458,42.2047,TRUE,,,,,,,,
56,TRUE,CSOGL,Pa,Hungary,CsÓgle,Already present,,25,17.255,47.215833,TRUE,,,,,,,,
57,TRUE,CZAJK,Tb,Poland,Czajkow,Already present,,15,21.283333,50.783333,TRUE,,,,,,,,
58,TRUE,DAGSM,Bd,Sweden,Dags Mosse,Already present,,561,14.7,58.333333,TRUE,,,,,,,,
59,TRUE,DELFI,Mc,Greece,Delphinos,Already present,,NA,24.29278,35.35083,TRUE,,,,,,,,
60,TRUE,DOLGO,Bd,United Kingdom,Dolgoe,Already present,,219,28.183333,55.233333,TRUE,,,,,,,,
61,TRUE,DOVJO,Tc,Ukraine,Dovjok Swamp,Already present,,399,28.25,48.75,TRUE,,,,,,,,
62,TRUE,DRUIM,Ba,United Kingdom,Lochan an Druim,Already present,,NA,-4.7,58.466667,TRUE,,,,,,,,
63,TRUE,DRYL2,Tg,Bulgaria,Sucho Ezero II [EPD: Dry Lake II],Already present,,79,23.533333,42.05,TRUE,,,,,,,,
64,TRUE,DURA1,Po,United Kingdom,Lake Durankulak [Core DI],Already present,,2821,28.55,43.666667,TRUE,,,,,,,,
65,TRUE,DURA2,Po,United Kingdom,Lake Durankulak [Core DII],Already present,,2821,28.55,43.666667,TRUE,,,,,,,,
66,TRUE,DURCH,Tb,Germany,Durchenbergried,Already present,,40,8.983333,47.783333,TRUE,,,,,,,,
67,TRUE,EBRO,Ma,Spain,Central Ebro Desert,Giesecke et al. 2014 (MADCAP),"clam, MADCAP",NA,-0.3,41.2,FALSE,tilia,,,,,,,
68,TRUE,EDESS,Tg,Greece,Edessa,Already present,,2821,21.9525,40.818056,TRUE,,,,,,,,
69,TRUE,ELCA,Ma,Spain,El Carrizal de Cuellar,Linear interpolation,"Extrapolation at the bottom of the sequence. Calibrated dates with OxCal 4.2.4. Chronology with CLAM, IntCal13.",NA,-4.15,41.32,FALSE,,48931,,"Franco-Múgica, F., M. García-Antón, J. Maldonado-Ruiz, C. Morla-Juaristi, and H. Sainz-Ollero. 2005. Ancient pine forest on inland dunes in the Spanish northern meseta. Quaternary Research 63:1-14. [DOI: 10.1016/j.yqres.2004.08.004]",,,,
70,TRUE,ERMIS,Bd,Estonia,Lake Ermistu,Already present,,1205,23.966667,58.366667,TRUE,,,,,,,,
71,TRUE,ESPIN,Ma,Spain,Espinosa de Cerrato,Already present,,100,-3.935,41.956,TRUE,,,,,,,,
72,TRUE,ESTAN,Td,Androrra,Bosc dels Estanyons,Already present,,1.77,1.628889,42.480278,TRUE,,,,,,,,
73,TRUE,ETAN,Tb,Switzerland,Etang de la Gruere,Author,,NA,7.05,47.24,FALSE,tilia: Etan de la Gruere 2,,,,,,,
74,TRUE,EZERI,Bd,Belarus,Ezerisch,Already present,,2207,30,55.85,TRUE,,,,,,,,
75,TRUE,FARSH,Bd,Sweden,Fãrshesjon,Already present,,399,15.866667,56.166667,TRUE,,,,,,,,
76,TRUE,FLARK,Bd,Sweden,Lake Flarken,Already present,,229,13.666667,58.583333,TRUE,,,,,,,,
77,TRUE,GALLA,Ta,United Kingdom,Gallanech Beg,Already present,,110,-5.501389,56.384444,TRUE,,,,,,,,
78,TRUE,GARVA,Tg,Bulgaria,Mire Garvan,Giesecke et al. 2014 (MADCAP),"cllam, Linear age model. Based on IntCal09 calibration curve",NA,26.911685,44.10742,FALSE,,4063,,"Lazarova, M. 1995. Human impact on the natural vegetation in the region of Lake Srebarna and mire Garvan (northeastern Bulgaria). Palynological and Palaeoethnobotanical evidence. Pages 47-67 in E. Bozilova and S. Tonkov, editors. Advances in Holocene Palaeoecology in Bulgaria. Pensoft Publication, Sofia-Moscow.",,,,
79,TRUE,GEMBR,Te,Italy,Pian di Gembro,Already present,,1400,10.15166667,46.15833333,TRUE,,,,,,,,
80,TRUE,GERLO,Te,Austria,Gerlos,Already present,,NA,12.13666667,47.23916667,TRUE,,,,,,,,
81,TRUE,GLOPP,Bb,Sweden,Lilla Gloppsjon,Already present,,400,14.627778,59.804444,TRUE,,,,,,,,
82,TRUE,GORGO,Mb,Italy,Gorgo Basso,Already present,,100,12.65,37.61666667,TRUE,,,,,,,,
83,TRUE,GOSCI,Tb,Poland,Lake Gosciaz,Already present,,473,19.35,52.583333,TRUE,,,,,,,,
84,TRUE,GOUNE,Td,France,Gourg Ngre [from EPD,Already present,,NA,2.217,42.633,TRUE,,,,,,,,
85,TRUE,GRETS,Bd,Belarus,Gretskoe,Already present,,1197,27.766667,55.633333,TRUE,,,,,,,,
86,TRUE,GUADI,Ma,Spain,Guadiana,Already present,,1250,-7.162,37.096,TRUE,,,,,,,,
87,TRUE,HANCZ,Bd,Poland,Lake Hancza,Already present,,995,22.816667,54.266667,TRUE,,,,,,,,
88,TRUE,HIERE,Tb,France,Hieres sur Amby,Already present,,138,5.283333333,45.78783333,TRUE,,,,,,,,
89,TRUE,HOCHM,Te,Austria,Hochmoos,Already present,,NA,13.20083333,47.42166667,TRUE,,,,,,,,
90,TRUE,HOCK,Ta,United Kingdom,Hockham Mere,Giesecke et al. 2014 (MADCAP),"Linear age model. Clam, Based on IntCal09 calibration curve.",NA,0.833333,"	52.5",FALSE,Tilia files,4095,,"Bennett, K.D. 1983. Devensian late-glacial and flandrian vegetational history at Hockham mere, Norfolk, England. New Phytologist 95(489-504). https://nph.onlinelibrary.wiley.com/doi/abs/10.1111/j.1469-8137.1983.tb03512.x. [DOI: 10.1111/j.1469-8137.1983.tb03512.x]","Godwin, H., and P.A. Tallantire. 1951. Studies of the Post-glacial history of British vegetation XII. Hockam Mere, Norfolk. Journal of Ecology 39(2):285-307. https://www.jstor.org/stable/2257913. [DOI: 10.2307/2257913]",,,
91,TRUE,HOLZ,Tb,Germany,Holzmaar,Author preferred,Varve years BP,NA,6.87864,50.11919,FALSE,tilia files (2),41480,,"Brauer, A., T. Litt, J.F.W. Negendank, and B. Zolitschka. 2001. Lateglacial varve chronology and biostratigraphy of lakes Holzmaar and Meerfelder Maar, Germany. Boreas 30:83-88.","Litt, T., and M. Stebich. 1999. Bio- and chronostratigraphy of the lateglacial in the Eifel region, Germany. Quaternary International 61:5-16.","Litt, T., C. Schölzel, N. Kühl, and A. Brauer. 2009. Vegetation and climate history in the Westeifel Volcanic Field (Germany) during the past 11 000 years based on annually laminated lacustrine maar sediments. Boreas 38:679-690.","Litt, T., M. Früchtl, B. Kubitz, and M. Stebich. 1997. Jungquartäre Floren in den Eifelmaaren. Terra Nostra 1997(7):54-62. Notes: Exkursionsführer zur 67. Jahrestagung der Paläontologischen Gesellschaft","Litt, T., M. Früchtl, B. Kubitz, and M. Stebich. 1997. Palaeobotanical investigations. Terra Nostra 1997(8):25-29. Notes: In: 7th International Symposium on Palaeolimnology, Excursion Guide Excursion B (Laacher See and Eifel Maar lakes)"
92,TRUE,HOZEL,Tf,Slovakia,Hozelec,Giesecke et al. 2014 (MADCAP),"clam, Smooth spline age model. Based on IntCal09 calibration curve.",149,20.332,49.046414,TRUE,,4428,,"Jankovská, V. 1988. A reconstruction of the Late-Glacial and Early-Holocene evolution of forest vegetation in the Poprad basin, Czechoslovakia. Folia Geobotanica & Phytotaxonomica 23:303-320.",,,,
93,TRUE,HRABA,Tb,Czeck Republic,HrabanoskÊ cernava,Already present,,98,14.831667,50.216389,TRUE,,,,,,,,
94,TRUE,HUZEN,Tb,Germany,Huzenbacher See,Already present,,89,8.348056,48.574444,TRUE,,,,,,,,
95,TRUE,ILMEN,Bc,Russia,Ilmen Lake,Already present,,19544,31.233333,58.3,TRUE,,,,,,,,
96,TRUE,IOANN,Tg,Greece,Ioannina,Already present,,2821,20.85,39.75,TRUE,,,,,,,,
97,TRUE,JARVE,Bd,Estonia,Lake Jarveotsa,Already present,,229,24.283333,59.033333,TRUE,,,,,,,,
98,TRUE,JASIE,Tf,Poland,Jasiel,Already present,,178,21.886944,49.372778,TRUE,,,,,,,,
99,TRUE,KANSJ,Bd,Sweden,Kansjon,Already present,,505,14.533333,57.633333,TRUE,,,,,,,,
100,TRUE,KARDA,Po,Ukraine,Kardashinski Swamp,Already present,,2821,32.616667,46.516667,TRUE,,,,,,,,
101,TRUE,KINGS,Ta,United Kingdom,King's Pool,Already present,,100,-2.108333,52.808333,TRUE,,,,,,,,
102,TRUE,KIRIK,Bd,Estonia,Kirikumae,Already present,,444,27.25,57.666667,TRUE,,,,,,,,
103,TRUE,KMOHO,Pa,Hungary,Kis-Mohos T¢,Already present,,50,20.40833,48.4111,TRUE,,,,,,,,
104,TRUE,KOLDI,Tc,Belarus,Koldychevo,Already present,,418,26.066667,53.266667,TRUE,,,,,,,,
105,TRUE,KOPAI,Mc,Greece,Kopais,Already present,,2821,23.066667,38.483333,TRUE,,,,,,,,
106,TRUE,KOURN,Mc,Greece,Kournas,Already present,,891,24.2761,35.32778,TRUE,,,,,,,,
107,TRUE,KRAGE,Tb,Sweden,KrageholmssjÓn,Already present,,837,13.733333,55.5,TRUE,,,,,,,,
108,TRUE,KREME,Tg,Bulgaria,Lake Kremensko-5,Already present,,200,23.525,41.7083,TRUE,,,,,,,,
109,TRUE,KULK,Tc,Russia,Klukva,Linear interpolation,CAL BP age with CLAM (Blaauw) sigma 2,NA,36.2525,53.834722,FALSE,,46479,,"Novenko, E.Y., A.N. Tsyganov, E.M. Volkova, K.V. Babeshko, N.V. Lavrentiev, R.J. Payne, and Y.A. Mazei. 2015. The Holocene paleoenvironmental history of central European Russia reconstructed from pollen, plant macrofossil, and testate amoeba analysis of the Klukva peatland, Tula region. Quaternary Research 83:459-468. [DOI: 10.1016/j.yqres.2015.03.006]","Novenko, E.Y., A.N. Tsyganov, O.V. Rudenko, E.M. Volkova, I.S. Zuganova, K.V. Babeshko, A.V. Olchev, N.I. Losbenev, R.J. Payne, and Y.A. Mazei. 2016. Mid- and late-Holocene vegetation history, climate and human impact in the forest-steppe ecotone of European Russia: new data and a regional synthesis. Biodiversity and Conservation 25(12):2453-2472. [DOI: 10.1007/s10531-016-1051-8]",,,
110,TRUE,KUPEN,Tg,Bulgaria,Kupena II,Already present,,399,24.333333,41.983333,TRUE,,,,,,,,
111,TRUE,LAGAC,Mb,Italy,Lagaccione,Already present,,400,11.85,42.566667,TRUE,,,,,,,,
112,TRUE,L-AJO,Ta,Spain,Lago de Ajo,Already present,,200,-6.15,43.05,TRUE,,,,,,,,
113,TRUE,LALOI,Te,France,Lac Long Infârieur,Already present,,69,7.45,44.057778,TRUE,,,,,,,,
114,TRUE,LAVIE,Ta,France,La Vie,Already present,,NA,-0.258333,48.548333,TRUE,,,,,,,,
115,TRUE,LDUNG,Ta,United Kingdom,By Loch Dungeon,Already present,,NA,-4.316667,55.116667,TRUE,,,,,,,,
116,TRUE,LECA,Tf,Romania,Iezerul Calimani,Linear interpolation,CAL BP age with CLAM (Blaauw) sigma 2,NA,"	25.27361",47.1125,FALSE,,45281,,"Farcas, S., J.L. de Beaulieu, M. Reille, G. Coldea, B. Diaconeasa, C. Goeury, T. Goslar, and T. Jull. 1999. First 14C dating of Late Glacial and Holocene pollen sequences from Romanian Carpathes. Comptes Rendus de l'Académie des Sciences - Series III - Sciences de la Vie 322(9):799-807. [DOI: 10.1016/S0764-4469(00)80039-6]",,,,
117,TRUE,LEIKI,Bd,Lituania,Leikishke Bog,Already present,,309,23.533333,54.533333,TRUE,,,,,,,,
118,TRUE,LERNA,Mc,Greece,Lake Lerna,Giesecke et al. 2014 (MADCAP),"clam, Linear age model. Based on IntCal09 calibration curve.",NA,22.8,37.6,FALSE,,24376,,"Jahns, S. 1993. On the Holocene vegetation history of the Argive Plain (Peloponese, southern Greece). Vegetation History and Archaeobotany 2:187-203.",,,,
119,TRUE,LIIVJ,Bd,Estonia,Liivjarve Bog,Already present,,977,27.583333,59.216667,TRUE,,,,,,,,
120,TRUE,LIMAN,Po,Ukraine,The Bog Liman,Already present,,195,37.666667,49.733333,TRUE,,,,,,,,
121,TRUE,LIPTO,Tf,Slovakia,Liptovsky Jan,Already present,,219,19.677778,49.041667,TRUE,,,,,,,,
122,TRUE,LLANI,Ta,United Kingdom,Llanilid,Already present,,200,-3.45,51.516667,TRUE,,,,,,,,
123,TRUE,LLYNG,Ta,United Kingdom,Llyn Gwernan,Already present,,49,-4.866667,52.683333,TRUE,,,,,,,,
124,TRUE,LOBSI,Tb,Switzerland,Lobsigensee LQ-90,Already present,,80,7.300833333,47.0255,TRUE,,,,,,,,
125,TRUE,LOCHI,Bd,Belarus,Lochinskoe,Already present,,430,28.6,53.55,TRUE,,,,,,,,
126,TRUE,LODDI,Tb,Germany,LÓddigsee,Already present,,346,11.85,53.433333,TRUE,,,,,,,,
127,TRUE,LROYA,Ta,Spain,Laguna de la Roya,Already present,,89,-6.766667,42.216667,TRUE,,,,,,,,
128,TRUE,LUCEN,Ta,Spain,Lagoa de Lucenza,Already present,,70,-7.11667,42.5833,TRUE,,,,,,,,
129,TRUE,LUCI,Tf,Romania,Luci,Already present,,618,24.736,46.29,TRUE,,,,,,,,
130,TRUE,LUTIN,Ta,France,Lutiniere,Already present,,200,-0.862222,46.444444,TRUE,,,,,,,,
131,TRUE,LUTTE,Tb,Germany,Luttersee,Already present,,164,10.161667,51.576667,TRUE,,,,,,,,
132,TRUE,LVILL,Te,Italy,Lac de Villa,Already present,,74,7.761111,45.684722,TRUE,,,,,,,,
134,TRUE,MAARD,Bd,Estonia,Lake Maardu,Already present,,711,25,59.433333,TRUE,,,,,,,,
135,TRUE,MABOM,Bd,Sweden,Mabo Mosse,Already present,,309,16.066667,58.016667,TRUE,,,,,,,,
137,TRUE,MAKOV,Tc,Ukraine,Makovich,Already present,,782,24.216667,50.966667,TRUE,,,,,,,,
138,TRUE,MALIQ,Tg,Albania,Lake Maliq,Already present,,2821,20.8,40.7611,TRUE,,,,,,,,
139,TRUE,MALJE,Mb,Croatia,Malo Jezero,Already present,,292,17.35,42.78,TRUE,,,,,,,,
140,TRUE,MARTI,Mb,Italy,Lago di Martignano,Already present,,69,12.333333,42.116667,TRUE,,,,,,,,
141,TRUE,MASAC,Mb,Italy,Massaciuccoli,Provided,Colombaroli et al. (2007),NA,10.3,43.8,FALSE,,41600,,"Colombaroli, D., A. Marchetto, and W. Tinner. 2007. Long-term interactions between Mediterranean climate, vegetation and fire regime at Lago di Massaciuccoli (Tuscany, Italy). Journal of Ecology 95:755-770.","Colombaroli, D., W. Tinner, J. van Leeuwen, R. Noti, E. Vescovi, B. Vanniere, M. Magny, R. Schmidt, and H. Bugmann. 2009. Response of broadleaved evergreen Mediterranean forest vegetation to fire disturbance during the Holocene: insights from the peri-Adriatic region. Journal of Biogeography 36:314-326.",,,
142,TRUE,MEKEL,Ta,Netherlands,Mekelermeer,Already present,,112,6.616667,52.766667,TRUE,,,,,,,,
143,TRUE,MIEM2,Te,Austria,Mieminger See,Already present,,200,10.9725,47.28833333,TRUE,,,,,,,,
144,TRUE,MIKOL,Tb,Poland,Lake Mikolajki,Already present,,1382,21.418056,53.768056,TRUE,,,,,,,,
145,TRUE,MOHO1,Tf,Romania,Mohos,Already present,,505,25.916667,46.083333,TRUE,,,,,,,,
146,TRUE,MONTI,Mb,Italy,Lago Grande di Monticchio,Already present,,750,15.605185,40.931235,FALSE,,47525,,refer to neotoma,,,,
147,TRUE,MOOSA,Te,Austria,Moosalmmoor,Already present,,NA,13.51666667,47.75,TRUE,,,,,,,,
148,TRUE,MORRO,Ta,United Kingdom,Morrone Birkwoods,Already present,,564,-3.433333,57,TRUE,,,,,,,,
149,TRUE,MORT,Bd,Norway,Morttjern,Linear interpolation,CAL BP age with CLAM (Blaauw) sigma 2,NA,11.62,59.06,FALSE,,45329,,"Birks, H.H., H.J.B. Birks, A.E. Bjune, and V.A. Felde. 2012. XXXVI International Bog ('Moor') Excursion of the Institute of Plant Sciences, University of Bern, southern and south-eastern Norway, 8-13 September 2012, Excursion Guide. University of Bergen, Norway and Bjerknes Centre for Climate Research, Bergen, Norway.",,,,
150,TRUE,MUREZ,Te,Switzerland,Lej da San Murezzan,Already present,,498,9.85,46.49033333,TRUE,,,,,,,,
151,TRUE,MURSO,Tb,France,Tourbire de Mur de Sologne,Already present,,NA,-1.608889,47.411667,TRUE,,,,,,,,
152,TRUE,MYSH,Bd,Russia,Myshetskoe-Dolgoe,Linear interpolation,CAL BP age with CLAM (Blaauw) sigma 2,NA,37.33333,56.066667,FALSE,,46485,,"Kremenetski, K.V., O.K. Borisova, and E.M. Zelikson. 2000. The Late Glacial and Holocene history of vegetation in the Moscow region. Palaeontological Journal 34(Suppl. 1):567-574. https://www.researchgate.net/profile/KV_Kremenetski/publication/297782358_The_late_glacial_and_holocene_history_of_vegetation_in_the_Moscow_region/links/56fd4fa208aec6a45b6c674e/The-late-glacial-and-holocene-history-of-vegetation-in-the-Moscow-region.pdf.","Borisova, O.K. 2014. Paleoenvironment and models of adaptations of lake settlements in the Mesolithic and Neolithic of the forest zone of eastren Europe. Materials of the International Conference, May 19-21, 2014, St. Petersbourg, p. 37-40. Notes: https://www.academia.edu/7046843/Paleoenvironment_and_models_of_adaptations_of_lake_settlements_in_the_Mesolithic_and_Neolithic_of_the_forest_zone_of_Eastern_Europe._Editors_Lozovski_V.M._Lozovskaya_O.V._2014_101_pages_In_Russian_and_French_",,,
168,TRUE,NAVAR,Ma,Spain,Navarres,Already present,,69,-0.683333,39.1,TRUE,,,,,,,,
169,TRUE,NE274,Bc,Russia,Lake Nero [274],Already present,,4057,39.451389,57.183333,TRUE,,,,,,,,
170,TRUE,NER2P,Bc,Russia,Lake Nero [2P],Already present,,4057,39.451389,57.183333,TRUE,,,,,,,,
171,TRUE,NGUTI,Tc,Ukraine,Nowy Gutiski,Already present,,1265,26.833333,50.266667,TRUE,,,,,,,,
172,TRUE,NISIB,Tg,Greece,Nisi Fen B,Already present,,399,21.915,40.1,TRUE,,,,,,,,
173,TRUE,NISIE,Tg,Greece,Nisi Fen E,Already present,,399,21.915,40.1,TRUE,,,,,,,,
174,TRUE,NOTSE,Ta,Netherlands,Notsel,Already present,,100,4.769444,51.554167,TRUE,,,,,,,,
175,TRUE,NOVOL,Bd,Belarus,Novolsky,Already present,,126,26.183333,56.766667,TRUE,,,,,,,,
176,TRUE,OHRID,Tg,Albania,Lake Ohrid,Already present,,10675,20.671617,40.9167,TRUE,,,,,,,,
177,TRUE,OREST,Tg,Greece,Lake OrestiÊs,Already present,,2821,21.257778,40.511667,TRUE,,,,,,,,
178,TRUE,ORGEA,Te,Switzerland,Lac du Mont d'Orge,Already present,,97,7.338166667,46.234,TRUE,,,,,,,,
179,TRUE,ORIGL,Th,Switzerland,Lago di Origlio,Already present,,160,8.938333333,46.055,TRUE,,,,,,,,
180,TRUE,OSVEA,Bd,Belarus,Osvea,Already present,,2133,28.083333,56.05,TRUE,,,,,,,,
181,TRUE,PADUL3,Ma,Spain,Padul 3,Provided,"Calibrated year BP age with CLAM (Blaauw), sigma 2, IntCal20.",NA,-3.06666,37,FALSE,,58619,,"Pons, A., and M. Reille. 1988. The holocene- and upper pleistocene pollen record from Padul (Granada, Spain): a new study. Palaeogeography, Palaeoclimatology, Palaeoecology 66:243-263.",,,,
182,TRUE,PAIDR,Bd,Estonia,Paidre,Already present,,263,25.633333,58.266667,TRUE,,,,,,,,
183,TRUE,PANNE,Ta,United Kingdom,Pannel Bridge,Already present,,100,0.675278,50.905833,TRUE,,,,,,,,
184,TRUE,PAVIG,Th,Italy,Lago Piccolo di Avigliana,Already present,,430,7.388333333,45.052,TRUE,,,,,,,,
185,TRUE,PAVUL,Th,Italy,Pavullo nel Frignano,Already present,,262,10.8385,44.32,TRUE,,,,,,,,
186,TRUE,PELIS,Bd,Estonia,Mire Pelisoo,Already present,,1540,22.383333,58.466667,TRUE,,,,,,,,
187,TRUE,PERGS,Ta,France,Le Marais de la Perge (South),Already present,,NA,-1.115,45.3825,TRUE,,,,,,,,
188,TRUE,PERGU,Mb,Italy,Pergusa,Already present,,398,14.3,37.5,TRUE,,,,,,,,
189,TRUE,PETRO,Bd,Russia,Mire Petrolivo,Already present,,1524,31.983333,56,TRUE,,,,,,,,
190,TRUE,PEYRE,Tb,France,Peyre,Provided,calibrated age (2 Sigma) with CALIB 5.0.1. Top assigned to Modern Times 17th century (Publication),NA,2.718889,44.960278,FALSE,Tilia,25213,,"Surmely, F., Y. Miras, P. Guenet, V. Nicolas, A. Savignat, B. Vannière, A.V. Walter-Simonnet, G. Servera, and S. Tzortzis. 2009. Occupation and land-use history of a medium mountain from the Mid-Holocene: A multidisciplinary study performed in the South Cantal (French Massif Central). Palevol 8:737-748.",,,,
191,TRUE,PLAUS,Te,France,Plan du Laus,Already present,,40,6.702222,44.241667,TRUE,,,,,,,,
192,TRUE,POIAN,Tf,Romania,Poiana Stiol,Already present,,80,24.816667,47.583333,TRUE,,,,,,,,
193,TRUE,POLON,Tc,Ukraine,Polonichka,Already present,,2056,24.75,50.266667,TRUE,,,,,,,,
194,TRUE,PRAZ,Tb,Switzerland,Praz Rodet,Provided,PSIMPOLL,NA,6.173611,46.566667,FALSE,,29236,,"Appleby, P.G., W. Shotyk, and A. Fankhauser. 1997. 210Pb age dating of three peat cores in the Jura Mountains, Switzerland. Water Air and Soil. Pollution 100(3-4):223-231.","Shotyk, W., A.K. Cheburkin, P.G. Appleby, A. Fankhauser, and J.D. Kramers. 1997. Lead in three peat bog profiles, Jura Mountains, Switzerland: enrichment factors, isotopic composition, and chronology of atmospheric deposition. Water Air and Soil Pollution 100:297-410.","van der Knaap, W.O., J.F.N. van Leeuwen, A. Fankhauser, and B. Ammann. 2000. Palynostratigraphy of the last centuries in Switzerland based on 23 lake and mire deposits: chronostratigraphic pollen markers, regional patterns, and local histories. Review of Palaeoecology and Palynology 108(6):85-142. [DOI: 10.1191/0959683605hl852ft]","Mitchell, E.A.D. 1995. Mitchell, E.A.D. 1995. The postglacial developmental history of the Praz-Rodet Bog, Vallée de Joux, Swiss Jura. Masters Thesis, Laboratoire d'Ecologie Végétale et de Phytosociologie, Institut de Botanique, Université de Neuchatel. 112 pp..",
195,TRUE,PRD-4,Ta,Spain,PRD-4,Already present,,NA,-8.5167,42.5333,TRUE,,,,,,,,
196,TRUE,PRESP,Tg,Macedonia,Lake Prespa,Already present,,9321,20.9781,40.98,TRUE,,,,,,,,
197,TRUE,PTORN,Ta,Spain,Puerto de Los Tornos,Already present,,110,-3.433333,43.15,TRUE,,,,,,,,
198,TRUE,PUSCI,Tf,Poland,Puscizna Rekowianska,Already present,,31,19.816667,49.483333,TRUE,,,,,,,,
199,TRUE,QUINT,Ma,Spain,Quintanar de la Sierra,Already present,,33,-3.016667,42.033333,TRUE,,,,,,,,
200,TRUE,RACH,Tb,Germany,Rachelsee,Provided,BACON & linear interpolation,NA,13.4014,48.9743,FALSE,Tilia,52218,,"van der Knaap, W.O., J.F.N. van Leeuwen, L. Fahse, S. Szidat, T. Studer, J. Baumann, M. Heurich, and W. Tinner. 2020. Vegetation and disturbance history of the Bavarian Forest National Park, Germany. Vegetation History and Archaeobotany 29:227-295. [DOI: doi.org/10.1007/s00334-019-00742-5]",,,,
201,TRUE,RACZE,Tb,Poland,Lake Racze,Giesecke et al. 2014 (MADCAP),"CLAM, Smooth spline age model. Based on IntCal09 calibration curve.",NA,14.61,53.97,FALSE,,22849,,"Latalowa, M. 1992. Forest changes at the Mesolithic/Early Neolithic transition and in the migration period on Wolin Island (northwest Poland). Palaeoklimaforschung 8:139-155.",refer to neotoma,,,
202,TRUE,RAIGA,Bd,Estonia,Raigastvere Lake,Already present,,597,26.666667,58.6,TRUE,,,,,,,,
203,TRUE,RANVI,Tb,Sweden,Ran Viken,Already present,,138,14.3,56.283333,TRUE,,,,,,,,
204,TRUE,RAPPE,Tb,Germany,Rappershausen,Already present,,56,10.391389,50.379167,TRUE,,,,,,,,
205,TRUE,RASNA,Tb,Czeck Republic,Rasna,Already present,,219,15.370833,49.230556,TRUE,,,,,,,,
206,TRUE,REGET,Tf,Slovakia,Regetovka,Already present,,98,21.279167,49.425,TRUE,,,,,,,,
207,TRUE,ROAG_,Ba,United Kingdom,Little Loch Roag,Already present,,NA,-6.883333,58.133333,TRUE,,,,,,,,
208,TRUE,ROBIE,Te,Switzerland,"Alpi di Robi?i, Val Bavona",Already present,,162,8.517666667,46.44033333,TRUE,,,,,,,,
209,TRUE,ROTSE,Tb,Switzerland,Rotsee,Already present,,383,8.322166667,47.07216667,TRUE,,,,,,,,
210,TRUE,SALDR,Ta,Spain,Saldropo,Already present,,22,-2.716667,43.05,TRUE,,,,,,,,
211,TRUE,SANDV,Ta,Norway,Sandvikvatn,Already present,,126,5.5,59.2833,TRUE,,,,,,,,
212,TRUE,SARLO,Pa,Hungary,Sarlo-Hat,Already present,,NA,21.3,47.9,TRUE,,,,,,,,
213,TRUE,SAVIK,Bd,Estonia,Mire Saviku,Already present,,892,27.233333,58.4,TRUE,,,,,,,,
214,TRUE,SC-B1,Te,Austria,Schwemm B1,Already present,,437,12.3,47.655,TRUE,,,,,,,,
215,TRUE,SCHWAM,Tb,Germany,Schwanengrabenrinne,Provided,linear interpolation,NA,13.06,52.52,FALSE,,22689,,"Wolters, S. 2002. Vegetationsgeschichtliche Untersuchungen zur spätglazialen und holozänen Landschaftsenwicklung in der Döberitzer Heide (Brandenburg). Dissertationes Botanicae 366:1-157.",,,,
216,TRUE,SCURC,Mb,Italy,Sa Curcurica,Already present,,348,9.7876,40.4552222,TRUE,,,,,,,,
217,TRUE,SE-Dal,Tb,Norway,Dalane,Already present,,94,8.0044,58.24418,TRUE,,,,,,,,
218,TRUE,SEGRI,Th,Italy,Lago del Segrino,Already present,,348,9.266666667,45.83333333,TRUE,,,,,,,,
219,TRUE,SEMEN,Tf,Romania,Semenic,Already present,,399,22.059444,45.18,TRUE,,,,,,,,
220,TRUE,SHEPE,Bd,Lituania,Shepeta Bog,Already present,,2293,25.166667,55.783333,TRUE,,,,,,,,
221,TRUE,SIERRA,Ma,Spain,Sierra de Baza,Provided,calibrated BP age (IntCal98). Age model (Bacon).,NA,-2.7,"	37.233333",FALSE,,49078,,"Carrión, J.S., N. Fuentes, P. González-Sampériz, L. Sánchez Quirante, J.C. Finlayson, S. Fernández, and A. Andrade. 2007. Holocene environmental change in a montane region of southern Europe with a long history of human settlement. Quaternary Science Review 26:1455-1475.",,,,
222,TRUE,SILES,Ma,Spain,Siles,Already present,,30,-2.5,38.4,TRUE,,,,,,,,
223,TRUE,SIONO,Ba,United Kingdom,Loch Sionascaig,Already present,,13327,-5.175,58.060556,TRUE,,,,,,,,
224,TRUE,SIROK,Pa,Hungary,Sirok Nyirjes To,Already present,,NA,20.1872,47.93,TRUE,,,,,,,,
225,TRUE,SKANS,Tb,Denmark,Skanso,Already present,,226,8.828463,56.509591,TRUE,,,,,,,,
226,TRUE,SKOG,Tb,Norway,Skogstjern,Provided,"linear interpolation and extrapolation, Calibrated age with OxCal 4.2.3, IntCal13, sigma 2",NA,9.638333,59.006944,FALSE,,52255,,"Wieckowska-Lüth, M., S. Solheim, A. Schülke, and W. Kirleis. 2018. Towards a refined understanding of the use of coastal zones in the Mesolithic: New investigations on human-environment interactions in Telemark, southeastern Norway. Journal of Archaeological Science: Reports 17:839-851.","Wieckowska-Lüth, M., W. Kirleis, and W. Dörfler. 2017. Holocene history development in the catchment of Lake Skogstjern, southeastern Norway, based on a high-resolution multi-proxy record. The Holocene 27:1928-1947.",,,
227,TRUE,SLUGG,Ta,Ireland,Sluggan Moss,Already present,,580,-6.3,54.933333,TRUE,,,,,,,,
228,TRUE,SOLSO,Tb,Denmark,Lake Solso,Already present,,89,8.633333,56.133333,TRUE,,,,,,,,
229,TRUE,SRAFA,Ma,Spain,San Rafael,Already present,,NA,-2.601389,36.773611,TRUE,,,,,,,,
230,TRUE,STARN,Tc,Ukraine,Starniki,Already present,,2080,26.016667,50.266667,TRUE,,,,,,,,
231,TRUE,STERE,Tf,Romania,Steregoiu,Already present,,2821,23.540278,47.813889,TRUE,,,,,,,,
232,TRUE,STRA1,Tg,Bulgaria,Straldzha mire,Already present,,2821,26.772778,42.630833,TRUE,,,,,,,,
233,TRUE,STRAC,Tg,Bulgaria,Straldzha mire,Already present,,2821,26.772778,42.630833,TRUE,,,,,,,,
234,TRUE,STRAZ,Tb,Poland,Strazym Lake,Already present,,483,19.461111,53.333333,TRUE,,,,,,,,
235,TRUE,SUDOB,Bd,Belarus,Sudoble Lake,Already present,,693,28.1,54.033333,TRUE,,,,,,,,
236,TRUE,SUSZE,Tb,Poland,Maly Suszek,Already present,,18,17.772778,53.725556,TRUE,,,,,,,,
237,TRUE,SVITY,Tc,Ukraine,Svityaz (Ukraine),Already present,,844,23.838,51.50483333,TRUE,,,,,,,,
238,TRUE,SWIEN,Tb,Germany,Swienskuhle,Already present,,50,8.725,53.666667,TRUE,,,,,,,,
239,TRUE,SW-RE,Te,Austria,"Schwarzsee, Reschenscheideck",Already present,,383,10.475,46.86916667,TRUE,,,,,,,,
240,TRUE,TAMME,Te,Austria,Tammerle Moos,Already present,,NA,11.28333333,46.58333333,TRUE,,,,,,,,
241,TRUE,TAPH,Tb,France,La Taphanel,Giesecke et al. 2014 (MADCAP),Giesecke et al. 2014 (MADCAP),NA,2.68,45.27,FALSE,Tilia files,,,,,,,
242,TRUE,TARN1,Tf,Poland,Tarnawa Wyzna 1,Already present,,169,22.833333,49.1,TRUE,,,,,,,,
243,TRUE,TARN2,Tf,Poland,Tarnawa Wyzna 2,Already present,,169,22.833333,49.1,TRUE,,,,,,,,
244,TRUE,THORP,Ta,United Kingdom,Thorpe Bulmer,Already present,,56,-1.3,54.716667,TRUE,,,,,,,,
245,TRUE,TPHIL,Tg,Greece,Tenaghi Philippon,Already present,,NA,24.3333,40.1667,TRUE,,,,,,,,
246,TRUE,TREPP,Tb,Germany,Grosser Treppelsee,Giesecke et al. 2014,"clam, Based on IntCal09 calibration curve and smooth spline.",NA,14.452855,"	52.14453",FALSE,,19901,,"Giesecke, T. 2001. Pollenanalytische und sedimentchemische Untersuchungen zur natürlichen und anthropogenen Geschichte im Schlaubetal. Sitzungsberichte der Gesellschaft Naturforschender Freunde zu Berlin 39:89-112.",,,,
247,TRUE,TRIFO1,Mb,Italy,Trifoglietti,Provided,"mixed-effect regression (Heegaard et al., 2005), Calibrated BP age 2 sigma with Calib 6.0, IntCal09",NA,16.022222,39.548889,FALSE,,49530,,"Joannin, S., E. Brugiapaglia, J.L. de Beaulieu, L. Bernardo, M. Magny, O. Peyron, S. Goring, and B. Vannière. 2012. Pollen-based reconstruction of Holocene vegetation and climate in southern Italy: the case of Lago Trifoglietti. Climate of the Past 8:1973-1996",,,,
248,TRUE,TRIFO2,Mb,Italy,Trifoglietti,Provided,"mixed-effect regression (Heegaard et al., 2005), Calibrated BP age 2 sigma with Calib 6.0, IntCal10",NA,16.022222,39.548889,FALSE,from excel file,,,,,,,
249,TRUE,TRUME,Tb,Austria,Trumer Moos,Already present,,178,13.07333333,47.94,TRUE,,,,,,,,
250,TRUE,TRUMM,Bd,Sweden,Lake Trummen,Already present,,492,14.833333,56.866667,TRUE,,,,,,,,
251,TRUE,TYTUV,Bd,Lituania,Tytuvenu Tyrelis,Already present,,56,23.3,55.583333,TRUE,,,,,,,,
252,TRUE,UBERL,Te,Austria,Grosses Uberling Schattseit-Moor,Already present,,195,13.9,47.17,TRUE,,,,,,,,
253,TRUE,UDEEL,Ta,Netherlands,Uddelermeer,Provided,Bayesian age model,NA,5.76,52.25,FALSE,,48966,,"Engels, S., M.A.J. Bakker, S.J.P. Bohncke, C. Cerli, W.Z. Hoek, B. Jansen, T. Peters, H. Renssen, D. Sachse, J.M. van Aken, V. van den Bos, B. van Geel, R. van Oostrom, T. Winkels, and M. Wolma. 2016. Centennial-scale lake-level lowstand at Lake Uddelermeer (The Netherlands) indicates changes in moisture source region prior to the 2.8-kyr event. The Holocene 27(6):1075–1091. https://journals.sagepub.com/doi/abs/10.1177/0959683616632890. [DOI: 10.1177/0959683616632890]",,,,
254,TRUE,UQUAT,Mb,Italy,Urio Quattrocchi,Already present,,40,14.39066667,37.90083333,TRUE,,,,,,,,
255,TRUE,URVIL,Ta,France,Urville-Nacqueville,Already present,,NA,-1.7575,49.678056,TRUE,,,,,,,,
256,TRUE,VARNA,Tg,Bulgaria,Lake Varna,Provided,"linear interpolation, Calibrated BP age wih CLAM (Blaauw) sigma 2",NA,27.82777,43.19554,FALSE,,22923,,"Filipova-Marinova, M., D. Pavlov, and L. Giosan. 2016. Multi-proxy records of Holocene palaeoenvironmental changes in the Varna Lake area, western Black Sea coast. Quaternary International 401:99-108. [DOI: 10.1016/j.quaint.2015.05.009]","Filipova-Marinova, M., D. Pavlov, S. Vergiev, V. Slavchev, and L. Giosan. 2013. Palaeoecology and geoarchaeology of Varna Lake, northeastern Bulgaria. Comptes rendus de l’Académie bulgare des Sciences 66(3):377-392. [DOI: 10.7546/cr-2013-66-3-13101331-9]","Filipova-Marinova, M.V.F.M., D. Pavlov, M. Coolen, L. Giosan, and S. Vergiev. 2014. Contributions to the European Pollen Database. 22. Vegetation development in the central part of the Bulgarian Black Sea coast during the last 13 000 years. Grana 53(3):249-251.",,
257,TRUE,VERDA,Th,Italy,Lago Verdarolo,Already present,,56,10.1205,44.3555,TRUE,,,,,,,,
258,TRUE,VILLA,Ma,Spain,Ojos de Villaverde,Provided,"Bacon chronology, calibrated BP age with CALIB4.12. Chronology with Bacon (IntCal98)",NA,-2.37,38.8,FALSE,,49175,,"Carrión, J.S., A. Andrade, K.D. Bennett, C. Navarro, and M. Munuera-Giner. 2001. Crossing forest thresholds: inertia and collapse in a Holocene sequence from south-central Spain. The Holocene 11(6):635-653.",,,,
259,TRUE,VINDE,Ta,Belgium,Vinderhoute,Already present,,56,3.622778,51.079167,TRUE,,,,,,,,
260,TRUE,VITOS,Tg,Bulgaria,Vitosha Mountains Peat Bog,Already present,,399,23.833333,42.833333,TRUE,,,,,,,,
261,TRUE,VOULK,Mc,Greece,Lake Voulkaria,Already present,,2821,20.833333,38.866667,TRUE,,,,,,,,
262,TRUE,VOYKJ,Bb,Norway,Vestre Oykjamyrtjorn,Already present,,113,6,59.816667,TRUE,,,,,,,,
263,TRUE,ZALAV,Pa,Hungary,Zalav‡ri,Already present,,NA,17.155,46.785278,TRUE,,,,,,,,
264,TRUE,ZAZA,Tg,Greece,Zazari,Provided,,NA,21.55,40.63,FALSE,Tilia,,,,,,,
265,TRUE,ZEHEA,Te,Switzerland,Zeneggen-Hellelen A,Already present,,NA,7.839833333,46.2765,TRUE,,,,,,,,
266,TRUE,ZLATN,Tf,Slovakia,Zlatnicka Dolina,Already present,,113,19.283333,49.516667,TRUE,,,,,,,,
267,TRUE,ZSOMB,Pa,Hungary,Zsombo Swamp,Already present,,34,19.994167,46.361389,TRUE,,,,,,,,
